Rank,Vite Address,Address Link,Name Tag,Wallet Balance,ViteX DEX,Balance Total,Percentage,Txn Count,
1,vite_4275b7acc267969e830e235af512bcb966e44de16f2352266f,vite_4275b7a...e16f2352266f,,"2,090,000",0 / 0,"2,090,000",19%,674,
2,vite_0000000000000000000000000000000000000006e82b8ba657,vite_0000000...06e82b8ba657,ViteX,"1,595,732.44",0 / 0,"1,595,732.44",14.51%,"47,173,366",
3,vite_978e672830e0bbaf339a8f8c3920eca5c3a39086f57a52f97d,vite_978e672...86f57a52f97d,,"1,518,825.44",0 / 0,"1,518,825.44",13.81%,"8,342",
4,vite_21f53ac743838dbc968b546085e1b81df7c4a37d3122ecf4d6,vite_21f53ac...7d3122ecf4d6,,"676,000.20",0 / 0,"676,000.20",6.15%,875,
5,vite_87074bd7b110117962a3d46750e37c575be57a57bc5785570e,vite_87074bd...57bc5785570e,,"479,447.23",0 / 0,"479,447.23",4.36%,1,
6,vite_52a6dfe2a349c0bcfc8ed0f1eaca76b9f5477d8771d00902c0,vite_52a6dfe...8771d00902c0,,"457,592.99",331 / 0,"457,923.99",4.16%,10,
7,vite_35fbb4fbc7600ab6932bd642b12bbaf93203ee60956924db83,vite_35fbb4f...60956924db83,,"247,246.91",0 / 0,"247,246.91",2.25%,341,
8,vite_9a4ab4062f411603ce5ba78fa39ca1da52914e8a9ddc750c07,vite_9a4ab40...8a9ddc750c07,,"241,233.40",0 / 0,"241,233.40",2.19%,229,
9,vite_4743fd2079dfe19c079a74c8c64134f900a23482a5d482ab55,vite_4743fd2...82a5d482ab55,,"214,750",250 / 0,"215,000",1.95%,5,
10,vite_aafd8ef5540637ebb5177786a1d903b14c564b83585b691981,vite_aafd8ef...83585b691981,,"189,308.69",0 / 0,"189,308.69",1.72%,53,
11,vite_e679a2c41d4a5f0840f94deede4d549c779ef666c13254ad56,vite_e679a2c...66c13254ad56,,"173,028.40",0 / 0,"173,028.40",1.57%,107,
12,vite_7343c78e5dc43118d3d6840fa84a205c75f690e67d678b5df7,vite_32e6029405a8b00c03d31377c006f823e63e11470549db7007,,"170,767",0 / 0,"170,767",1.55%,67,
13,vite_54721de9fbc9dd2c16b58e7c12ff8f7bd2ddd5e8321bebec80,vite_54721de...e8321bebec80,,"163,099.12","3,000 / 0","166,099.12",1.51%,724,
14,vite_c329a23228e4fa38f05320a97d3a4e3459009c2554d9701bf7,vite_c329a23...2554d9701bf7,,0,"142,520.227 / 0","142,520.23",1.30%,"2,633",
15,vite_541f959177c40d0fa2b5845c5f33522e2568427958dace4a4b,vite_541f959...7958dace4a4b,,0,"130,035.8 / 0","130,035.80",1.18%,13,
16,vite_9714a024ce65dc7d5079258336bd3cddafbb82c1be1c7ddf27,vite_9714a02...c1be1c7ddf27,,"123,683",0 / 0,"123,683",1.12%,451,
17,vite_78745c470fff8bad4dd64bcdfea1f35609b05d540879f47c98,vite_78745c4...540879f47c98,,"120,632.50",0 / 0,"120,632.50",1.10%,132,
18,vite_e431c6af2ea1a80d71a3c7d5a77683a75868c3a12c2323cec4,vite_e431c6a...a12c2323cec4,,"117,032.70","1,176.1 / 0","118,208.80",1.07%,461,
19,vite_ba25a62f40de791522a48807e46ae4848fef17bea0fd3085ae,vite_ba25a62...bea0fd3085ae,,"111,652.60",0 / 0,"111,652.60",1.02%,216,
20,vite_f12046a8666b6150e80c8193e75323553098af6bb2e4571cdb,vite_f12046a...6bb2e4571cdb,,"84,263.60","20,353.1 / 0","104,616.70",0.95%,287,
21,vite_f6622395733d234765d8c7bb42ec5923f73418b733c239bc51,vite_f662239...b733c239bc51,,"101,460.63",0 / 0,"101,460.63",0.92%,"5,382",
22,vite_74a151872cc90de2943f4ee70d17a61df0df313be8a00867ac,vite_74a1518...3be8a00867ac,,"70,000","20,000 / 0","90,000",0.82%,151,
23,vite_195f7d8838661eac3e66a48d1cb44a8b97df98f9d1eb73e62c,vite_195f7d8...f9d1eb73e62c,,0,"85,454.1 / 0","85,454.10",0.78%,74,
24,vite_0b4ffc8fca21b5e100fa599a4f43a86def1fd416e7c9744ee7,vite_0b4ffc8...16e7c9744ee7,,"85,000",0 / 0,"85,000",0.77%,6,
25,vite_fffe0799c40cedf1ef55084660af9b7f4bd9b2d02e25fb2b9e,vite_fffe079...d02e25fb2b9e,,"78,335.94",0 / 0,"78,335.94",0.71%,"1,968",
26,vite_9ae490a115980bad437307c7a13e442361527c211ab6cd5d44,vite_9ae490a...211ab6cd5d44,,0,"77,040.551 / 0","77,040.55",0.70%,182,
27,vite_84d653946ffb6827c848e418f0e0d8e639861d62ba5af76b61,vite_84d6539...62ba5af76b61,,"54,557.80","10,703 / 0","65,260.80",0.59%,100,
28,vite_d48949baba38ace7cee78a5336e9e8267fd4b0d41409bd9eb5,vite_d48949b...d41409bd9eb5,,0,"64,872.683 / 0","64,872.68",0.59%,598,
29,vite_3be9984c8459c1791bd5e3ef3dbcf0ca46c4dd407dc0c82027,vite_3be9984...407dc0c82027,,0,"63,494.5 / 0","63,494.50",0.58%,15,
30,vite_5cd69fb7cc60e90bde7976040f1a5dd50f402ad57a1abef4bf,vite_5cd69fb...d57a1abef4bf,,0,"62,886.6 / 0","62,886.60",0.57%,652,
31,vite_3c98eab6bb775e334511ef05485f88e7f0c37629810b97badf,vite_3c98eab...29810b97badf,,"62,382.60",0 / 0,"62,382.60",0.57%,53,
32,vite_d2e5dbb7d1f72458e3b95abd571192d17aa65967f776d31b9a,vite_d2e5dbb...67f776d31b9a,,"59,523.71",0 / 0,"59,523.71",0.54%,61,
33,vite_ad3bb8d2713028adfe0ee298582ca5631b2d538399a2406c86,vite_ad3bb8d...8399a2406c86,,"40,000","17,239.4 / 0","57,239.40",0.52%,8,
34,vite_6215beffa9a44ef7331b315167c6f8dae9f9eb7519e46eba5f,vite_6215bef...7519e46eba5f,,"5,300.08","48,193.4 / 0","53,493.48",0.49%,226,
35,vite_2620bc223c3722caae326aef51db1a21990408605289584a0a,vite_2620bc2...605289584a0a,,"52,986.90",0 / 0,"52,986.90",0.48%,384,
36,vite_435fbbe2213b7764f1b2fcd46a6215b4b70824d2dd14d2b640,vite_435fbbe...d2dd14d2b640,,0,"51,377.4 / 0","51,377.40",0.47%,122,
37,vite_cce074629af3e0445e8e557bce449da16b0e0602568deaac63,vite_cce0746...02568deaac63,,"46,795.10",0 / 0,"46,795.10",0.43%,2,
38,vite_1d4c2156e1588733a6c926fa8afcbf62c0087231f5bc2433f5,vite_1d4c215...31f5bc2433f5,,"46,112.90",0 / 0,"46,112.90",0.42%,726,
39,vite_5b98b1078076f1621fa58d815a5fd72334c35dd28a3150acce,vite_5b98b10...d28a3150acce,,"8,437","33,293.7 / 0","41,730.70",0.38%,156,
40,vite_4d4ad9f5fa0b698d84a47416e15d70ca45b5233126e1f3a059,vite_4d4ad9f...3126e1f3a059,,"41,519.67",0 / 0,"41,519.67",0.38%,38,
41,vite_2d37181a7d0051c0dd759ed9bad7cc598e0c808b7d4c8cb64d,vite_2d37181...8b7d4c8cb64d,,"41,185.45",0 / 0,"41,185.45",0.37%,62,
42,vite_83de9004d9e5a80804f7e1dc4492b5397947cb722da63de929,vite_83de900...722da63de929,,0,"40,871.5 / 0","40,871.50",0.37%,43,
43,vite_f735c8c4719345709d3d7ee5429f2b88b44369982fc12b0083,vite_f735c8c...982fc12b0083,,"37,774.50",0 / 0,"37,774.50",0.34%,333,
44,vite_202d6e787618c416609eabef56da809afa0440a4269b05876e,vite_202d6e7...a4269b05876e,,"1,250","35,861 / 0","37,111",0.34%,51,
45,vite_e35eb6a88c035e76c96f3a1a8c7f2535f1f5c23a50f6786e89,vite_e35eb6a...3a50f6786e89,,"37,089.50",0 / 0,"37,089.50",0.34%,40,
46,vite_de048c9cd60adf2a0607723640cac0b787037e6fd6a8f34ff3,vite_de048c9...6fd6a8f34ff3,,0,"36,000 / 0","36,000",0.33%,32,
47,vite_8b1c7e831e759ce86e386a2ec9596b90b932e2ab5cb271ec37,vite_8b1c7e8...ab5cb271ec37,,"35,018.40",0 / 0,"35,018.40",0.32%,15,
48,vite_eacbbb99d15751242622a0e374f059c5c527745860e2098b9e,vite_eacbbb9...5860e2098b9e,,0,"34,205.85 / 0","34,205.85",0.31%,"3,990",
49,vite_bf241651d1108c07e98fb35f11c7af894fa42bb96fd344fb9c,vite_bf24165...b96fd344fb9c,,0,"34,199.4588 / 0","34,199.46",0.31%,42,
50,vite_c8b05d5bd26e0ca6806b6c3194b3391febb42115dbc109586d,vite_c8b05d5...15dbc109586d,,0,"33,891.5 / 0","33,891.50",0.31%,27,
51,vite_9f6ad5447aa9e889652d68dd6aba673102a520543fa492dccc,vite_9f6ad54...543fa492dccc,,0,"33,426.3 / 0","33,426.30",0.30%,145,
52,vite_30dda89279024bc829a13d5e4f63bb5ca1da197f7fd5867a3d,vite_30dda89...7f7fd5867a3d,,0,"32,976 / 0","32,976",0.30%,92,
53,vite_83ac7e0711912cf6d71a4920eaebc36bfe60c794f9258e87a6,vite_83ac7e0...94f9258e87a6,,"32,774",0 / 0,"32,774",0.30%,79,
54,vite_95fb9b378471694eed01979f839c41a66760023258f4296d68,vite_95fb9b3...3258f4296d68,,"23,874.40","8,855.2 / 0","32,729.60",0.30%,81,
55,vite_7955e34fafd456d38d51a6cf2b3078fec51e1f40d4abef88a1,vite_7955e34...40d4abef88a1,,"32,000",0 / 0,"32,000",0.29%,4,
56,vite_b4b69105c1bd37fe45369b344a5e5b8be1ac58eab5318e0299,vite_b4b6910...eab5318e0299,,"29,950.44",0 / 0,"29,950.44",0.27%,284,
57,vite_ca200f6590eb240f8df70e888da3f206e7f281cddc80c9315b,vite_ca200f6...cddc80c9315b,,"29,879",0 / 0,"29,879",0.27%,30,
58,vite_470026a7af6d82b3b0a653d30e26eab286a48824655b0906af,vite_470026a...24655b0906af,,"28,508.19",0 / 0,"28,508.19",0.26%,637,
59,vite_32b37c8bd3d362a59bcefc1b6c59b2d651dcfa8f4bc80e6905,vite_32b37c8...8f4bc80e6905,,"26,012.01",700 / 0,"26,712.01",0.24%,168,
60,vite_f9f5e591b88c9827f551f122cb7e0a203c7626621bcdbc2837,vite_f9f5e59...621bcdbc2837,,"26,566",0 / 0,"26,566",0.24%,30,
61,vite_63b2b0e3d85fbe7e1a129c891f83a48e9e98f7dfb87c9a46a3,vite_63b2b0e...dfb87c9a46a3,,1,"26,236.9 / 0","26,237.90",0.24%,338,
62,vite_98a022fc5e701573d2f3b4ca9dc854cdf58a9142cc239a32a3,vite_98a022f...42cc239a32a3,,0,"25,735.3867 / 0","25,735.39",0.23%,"2,115",
63,vite_852e4444dcb8b5e24ab94306aaa75c30b972a3cf04421af2c0,vite_852e444...cf04421af2c0,,"24,800",0 / 0,"24,800",0.23%,"1,011",
64,vite_3bd747ca238aa6d6580360174d2a9ce846279bfce577a13106,vite_3bd747c...fce577a13106,,"23,510.70","1,000 / 0","24,510.70",0.22%,171,
65,vite_95b09df767b61daedc59129d7691884d7a184c1828369caf60,vite_95b09df...1828369caf60,,"23,939.70",0 / 0,"23,939.70",0.22%,22,
66,vite_f72724b8114dd1f491bfb294b8d4e078b6a0063cfdcce9dc2e,vite_f72724b...3cfdcce9dc2e,,"8,292.73","14,130.4 / 0","22,423.13",0.20%,23,
67,vite_9306638664a99e0d432880f6ec9c192e69de72733de21f9515,vite_9306638...733de21f9515,,"22,318.40",0 / 0,"22,318.40",0.20%,114,
68,vite_5780b5ad3123d499454336e1088ef76278214d78b072a5e552,vite_5780b5a...78b072a5e552,,"18,271.43","3,755.3 / 0","22,026.73",0.20%,410,
69,vite_2663645281eaf0b4a94a65ba40cee36e8eb56ef908e9d4b1db,vite_2663645...f908e9d4b1db,,0.172,"20,107.4 / 0","20,107.57",0.18%,"5,968",
70,vite_60cb69dc893304519b7936d9f9f0e46f4293fdd2003d913981,vite_60cb69d...d2003d913981,,"19,761.19",0.0165 / 0,"19,761.21",0.18%,"11,556",
71,vite_a874a08eeb697c597d6913b125e511042a08a9bc74820ec4ad,vite_a874a08...bc74820ec4ad,,"19,032.21",0 / 0,"19,032.21",0.17%,228,
72,vite_cf4cfcd7dca17f4132b9a96de49f26e9a7620645ccc62ea976,vite_cf4cfcd...45ccc62ea976,,"18,700.31",0 / 0,"18,700.31",0.17%,"1,883",
73,vite_c1b5121d7ff0e33e6a9a9b834f5e0bfe75d9cab499be93cb53,vite_c1b5121...b499be93cb53,,"18,675.50",0 / 0,"18,675.50",0.17%,24,
74,vite_1248569ccba89f3164a83d3b984b7290c68b0ad599d045c7e9,vite_1248569...d599d045c7e9,,0,"18,634.6647 / 0","18,634.66",0.17%,219,
75,vite_600194dcd1d5035fd78a9a364a96761ed0bd40e8aedd2dbfc0,vite_600194d...e8aedd2dbfc0,,"18,073.30",0 / 0,"18,073.30",0.16%,73,
76,vite_3bb2aca6b1267f1dede6b7616b5fc67be7e436a9a1abb19d68,vite_3bb2aca...a9a1abb19d68,,"17,881.50",0 / 0,"17,881.50",0.16%,72,
77,vite_af029fdb67b951365f1c2c801a0347acbdc3276eec5985a0e4,vite_af029fd...6eec5985a0e4,,"8,290.90","9,033.73 / 0","17,324.63",0.16%,193,
78,vite_fd4df5de474e640f89dcae49cc1e22e09ceeb2144aa30f77ff,vite_fd4df5d...144aa30f77ff,,"17,300",0 / 0,"17,300",0.16%,531,
79,vite_d7b52dbc912f1d411eb8883a063dd0f36c36f4b19c3a3a9a08,vite_d7b52db...b19c3a3a9a08,,0,"16,400 / 0","16,400",0.15%,134,
80,vite_c28defdc2935ac266614f1e5682a415afd2297b12886544ea8,vite_c28defd...b12886544ea8,,"16,025.10",0 / 0,"16,025.10",0.15%,112,
81,vite_5893a339886c210af0a71998649e1c029f8f701d79a2926c7d,vite_5893a33...1d79a2926c7d,,"15,832.90",0 / 0,"15,832.90",0.14%,3,
82,vite_0b16314d85b0ad49c896b7cd835a2b076b41b6dc5c41d14ec5,vite_0b16314...dc5c41d14ec5,,0,"15,555.8 / 0","15,555.80",0.14%,125,
83,vite_230a188a437ab18b8218214a8078ea87d189de0a224d851215,vite_230a188...0a224d851215,,"15,469.60",0 / 0,"15,469.60",0.14%,29,
84,vite_2772f2c02b4b352f75806b858a2810f276e60f6773321aa392,vite_2772f2c...6773321aa392,,"15,223.60",0 / 0,"15,223.60",0.14%,179,
85,vite_b06c74a60719695f36a6836c0b2d678683d2567963dbe351d2,vite_b06c74a...7963dbe351d2,,"15,040.50",0 / 0,"15,040.50",0.14%,4,
86,vite_9f9893f45085e4c7cd6a8eb49b2cd2c96266a78fbdd292fb91,vite_9f9893f...8fbdd292fb91,,0,"14,765.28 / 0","14,765.28",0.13%,109,
87,vite_3d41bedd34f933fed6b51bb1c7a3ab66eec4dda20761796855,vite_3d41bed...a20761796855,,"14,253.24",89.8 / 0,"14,343.04",0.13%,217,
88,vite_88759f197447f1a3de37914b5274650096d08c8aded974015d,vite_88759f1...8aded974015d,,"14,034.20",0 / 0,"14,034.20",0.13%,217,
89,vite_915518e3cf9e132be9b6861eb212bd85fcf2833d29b765fabc,vite_915518e...3d29b765fabc,,"13,776.60",0 / 0,"13,776.60",0.13%,29,
90,vite_699b16714df25d7261c350e845d6d04c658a66b84c0436872a,vite_699b167...b84c0436872a,,"10,100.80","3,196 / 0","13,296.80",0.12%,46,
91,vite_82ea362660a885ebee9934d31414a6bf98b04f41349c32f688,vite_82ea362...41349c32f688,,"13,196.40",0 / 0,"13,196.40",0.12%,104,
92,vite_9a87e756976110e1d08732f35408ba86b78836d4f7cfb9411e,vite_9a87e75...d4f7cfb9411e,,"12,993.10",0 / 0,"12,993.10",0.12%,89,
93,vite_92bbb823d82fae9b2aa92004be3634ee90b279ad2fa5c0e46c,vite_92bbb82...ad2fa5c0e46c,,0,"12,918.4 / 0","12,918.40",0.12%,83,
94,vite_15d3230e3c31c009c968beea7160ae98b491475236ae2cddbc,vite_15d3230...5236ae2cddbc,,"12,570.39",0 / 0,"12,570.39",0.11%,409,
95,vite_407d42321b34377297e6ec42e22aaa77dd389b8dd8587deacb,vite_407d423...8dd8587deacb,,25,"12,218.6 / 0","12,243.60",0.11%,344,
96,vite_3f6dffede152ea05a13752adbb090fd83f31bb16f0ecda81eb,vite_3f6dffe...16f0ecda81eb,,"12,210.82",0 / 0,"12,210.82",0.11%,86,
97,vite_da5aba4159cca1b680920c16969043be65d20e28fb7c959069,vite_da5aba4...28fb7c959069,,"10,410.01","1,745.5915 / 0","12,155.61",0.11%,953,
98,vite_e76af303283387c355ea8ea29681516e83880d79194558df18,vite_e76af30...79194558df18,,"11,825.40",0 / 0,"11,825.40",0.11%,13,
99,vite_0ac6f72f62b96faf0863c5e300e63dc0d3ac70ae7eb9297c8f,vite_0ac6f72...ae7eb9297c8f,,"11,627.40",0 / 0,"11,627.40",0.11%,64,
100,vite_bde5d9213fb3c2050dcd6f79595f78ff7ab2e4b114362397f7,vite_bde5d92...b114362397f7,,"11,561",0 / 0,"11,561",0.11%,12,
101,vite_875499201fa0273f79708b8aaf2a30be41af255fae91ee062c,vite_8754992...5fae91ee062c,,10,"11,499 / 0","11,509",0.10%,32,
102,vite_2c0ff063fed6db655f784f1736b2a60466df03302c86068b71,vite_2c0ff06...302c86068b71,,"10,784.09",0 / 0,"10,784.09",0.10%,"1,103",
103,vite_4eb71154c9b4c6f088efba97a19f4c5510048587ac62204ed4,vite_4eb7115...87ac62204ed4,,"10,711.80",0 / 0,"10,711.80",0.10%,75,
104,vite_6dde3500d05f28b042a56db511c5b49a960705cd167ed9abc0,vite_6dde350...cd167ed9abc0,,0,"10,499.2157 / 0","10,499.22",0.10%,524,
105,vite_983b98ebf250a35c8c1a04fcada7623f18f708805106af8ea6,vite_983b98e...805106af8ea6,,"10,464.90",0 / 0,"10,464.90",0.10%,139,
106,vite_4f773e7bf7c9509b26443ea07694642937fbc84e6e8e6f4362,vite_4f773e7...4e6e8e6f4362,,"9,923.50",0 / 0,"9,923.50",0.09%,46,
107,vite_935f5801012c37eb04f96d4f2cd4c7f1ec1e535c36960b991e,vite_935f580...5c36960b991e,,"9,880.43",0 / 0,"9,880.43",0.09%,244,
108,vite_d54d668e24a3929c48cd2b7e386c4ff39ca0be79b31f0231a4,vite_d54d668...79b31f0231a4,,0,"9,712.4 / 0","9,712.40",0.09%,89,
109,vite_dc3b73789ff99fa28e091fb02a365432de5e23de1fe618ac13,vite_dc3b737...de1fe618ac13,,"9,569",0 / 0,"9,569",0.09%,"3,795",
110,vite_3b4cff18329ca03d9c36ac0e056e1a9071121ef302d3e227b3,vite_3b4cff1...f302d3e227b3,,"9,504.10",0 / 0,"9,504.10",0.09%,29,
111,vite_87d3153ac26c4221c1fc551b06d93966451400ac8e2827a409,vite_87d3153...ac8e2827a409,,"9,444.82",0 / 0,"9,444.82",0.09%,256,
112,vite_d5a4299fb82a653b749dcc33b14cc75ab162b5e94f493822e9,vite_d5a4299...e94f493822e9,,0,"9,202 / 0","9,202",0.08%,13,
113,vite_318ed404a93f9faafd80cd0b1db0212ea73d3fe6ba43883ade,vite_318ed40...e6ba43883ade,,"9,000.40",0 / 0,"9,000.40",0.08%,91,
114,vite_f6e2d0508c9830e016863da2fc50f4a43ded3f47e31c2f9517,vite_f6e2d05...47e31c2f9517,,"8,995.24",0 / 0,"8,995.24",0.08%,"1,254",
115,vite_dc094a01e0050711cdd10f8cf48cba6aefa73c596d3423932d,vite_dc094a0...596d3423932d,,"8,662",0 / 0,"8,662",0.08%,79,
116,vite_26d4b41c85c5a023d0328a312062694955199dd9d468c30530,vite_26d4b41...d9d468c30530,,"8,648.30",0 / 0,"8,648.30",0.08%,111,
117,vite_bd25d256648648c8c0fafa08cd83bbf74e9fe81fb76ec729fd,vite_bd25d25...1fb76ec729fd,,"8,644.18",0 / 0,"8,644.18",0.08%,28,
118,vite_831df4f9c9f26eb737294841392ce2fb45a9c18a8b1742bb3d,vite_831df4f...8a8b1742bb3d,,"8,544.77",0 / 0,"8,544.77",0.08%,64,
119,vite_3f45df3ed4a30541214faa805102f804389506de37ae914dff,vite_3f45df3...de37ae914dff,,0,"8,487.1 / 0","8,487.10",0.08%,729,
120,vite_b7b2c398dc873bc6636c4125c65640b8ad834872e4c299269c,vite_b7b2c39...72e4c299269c,,"8,236.40",0 / 0,"8,236.40",0.07%,79,
121,vite_4b9239969f2d44e245658e53c172cab9f25e8a372a623176da,vite_4b92399...372a623176da,,"8,151.72",0.0311 / 0,"8,151.75",0.07%,553,
122,vite_10b170b927a73a960c18229efc0c39b6e7e6990b5df1bc63e6,vite_10b170b...0b5df1bc63e6,,"8,067.02",0 / 0,"8,067.02",0.07%,3,
123,vite_bea6b729b957d5f5a1850276fc3958db2559c48c09491fc23f,vite_bea6b72...8c09491fc23f,,"8,054.60",0 / 0,"8,054.60",0.07%,5,
124,vite_0935e42ebc35bafbeb7d38a10b016a1ce12a9ea9c23b87da7d,vite_0935e42...a9c23b87da7d,,0,"8,000 / 0","8,000",0.07%,121,
125,vite_3c2e8e5132ef0627c06a658a62016be79ec80cb6487d7edf48,vite_3c2e8e5...b6487d7edf48,,0,"7,958.417 / 0","7,958.42",0.07%,755,
126,vite_0ee7afa979bb39780d019bd7f848d600b11519662810d8263c,vite_0ee7afa...662810d8263c,,"7,879.50",0 / 0,"7,879.50",0.07%,55,
127,vite_503b04bf5de9c58bcb79e523672d04f0ffe6a3c7cfad85f698,vite_503b04b...c7cfad85f698,,0,"7,746.8 / 0","7,746.80",0.07%,27,
128,vite_0aa3c82a14bf402ef46543e6b7ed6ddf56616c647a4e780aaf,vite_0aa3c82...647a4e780aaf,,"3,633.74","3,992.03 / 0","7,625.77",0.07%,18,
129,vite_efe6d605039eeb840bdb6cfad9d5a8e321d3053980bf7423cb,vite_efe6d60...3980bf7423cb,,0,"7,517.5 / 0","7,517.50",0.07%,30,
130,vite_0e2908b4d2583f81b07f05ac6339d9244e048167dff1dc0c68,vite_0e2908b...67dff1dc0c68,,"7,430.99",0 / 0,"7,430.99",0.07%,95,
131,vite_9a01ec498629efdf1c5b353e1d892a17cfd8b16bfd8c67163a,vite_9a01ec4...6bfd8c67163a,,"6,841.90",0 / 0,"6,841.90",0.06%,21,
132,vite_7458865c15cf18844ec24ba8e3f965e312a794f08e3267725d,vite_7458865...f08e3267725d,,361,"6,375.4 / 0","6,736.40",0.06%,23,
133,vite_1a19688623808d8c4d2a185935c8587ea1c6b33ce5c398cfa9,vite_1a19688...3ce5c398cfa9,,"6,538.11",0 / 0,"6,538.11",0.06%,45,
134,vite_be12fa9482788c9acc949d2f3df002f078cc7ff97b1b9cfada,vite_be12fa9...f97b1b9cfada,,"6,398",0 / 0,"6,398",0.06%,29,
135,vite_41f73cbfedfc47276c36db3485ce1bb7cf1d97d571d41df6bb,vite_41f73cb...d571d41df6bb,,"5,686.60",628.3 / 0,"6,314.90",0.06%,54,
136,vite_8c251e713d291726344600065be94610bb1f309e97ad863b4c,vite_8c251e7...9e97ad863b4c,,"6,291.20",0 / 0,"6,291.20",0.06%,55,
137,vite_46e4e4f877ad6fd4d2d30fddf3f70a6eb32ac805225b53698c,vite_46e4e4f...05225b53698c,,0,"6,256.5751 / 0","6,256.58",0.06%,341,
138,vite_7aa7781dfe9318f3a24d3c151057f4c8a5d056c65ecfa8925a,vite_7aa7781...c65ecfa8925a,,"6,224.70",0 / 0,"6,224.70",0.06%,956,
139,vite_c37d9452685ef6716dd8b3607d9433bff4d504a8ce2ff89ae6,vite_c37d945...a8ce2ff89ae6,,"5,000","1,204.3 / 0","6,204.30",0.06%,86,
140,vite_8136b193a0243356226a45cc646e43835b4c3bad42aaae5ec3,vite_8136b19...ad42aaae5ec3,,"6,116.99",0 / 0,"6,116.99",0.06%,140,
141,vite_d46190519a7724ab002f8de8133aba197ebd1ecdbaa38a8d79,vite_d461905...cdbaa38a8d79,,"6,009.92",0 / 0,"6,009.92",0.05%,38,
142,vite_d0e6a4bc46a00f6e9a89571a29e78770592595e0f3357cc11d,vite_d0e6a4b...e0f3357cc11d,,0,"6,005.5 / 0","6,005.50",0.05%,211,
143,vite_e9e3d667c6cff0872a12c42734c586d053195c54e9f8ad4adc,vite_e9e3d66...54e9f8ad4adc,,"5,955.30",0 / 0,"5,955.30",0.05%,5,
144,vite_67b924dc159c38632e70cec67ed5064c89c7acc949196d4466,vite_67b924d...c949196d4466,,0,"5,790 / 0","5,790",0.05%,13,
145,vite_80b9cb40cf4624321e7ca73f427a01a8a269d319fb730114ae,vite_80b9cb4...19fb730114ae,,0,"5,770.8 / 0","5,770.80",0.05%,5,
146,vite_065eb3cb53dbef79dbac0a62fc667ef0c90c902bd69fb2295a,vite_065eb3c...2bd69fb2295a,,"5,674.65",0 / 0,"5,674.65",0.05%,288,
147,vite_7bdb854577bee28ff1525d58f946d70051defe5f5e5fac577a,vite_7bdb854...5f5e5fac577a,,10,"5,624.1 / 0","5,634.10",0.05%,20,
148,vite_c2e7d522c77c7cd0b084c4e1fd06194d7261d57e647ceccbd0,vite_c2e7d52...7e647ceccbd0,,"5,557.90",0 / 0,"5,557.90",0.05%,20,
149,vite_8d6ad3fb4c259ab65bc818ee199a55296a6b0e4505586c3f7a,vite_8d6ad3f...4505586c3f7a,,"5,500.50",0 / 0,"5,500.50",0.05%,276,
150,vite_345463c9a034ac9fdd1034de7ca2af1d7ff7171bed486dcc06,vite_345463c...1bed486dcc06,,"5,469",0 / 0,"5,469",0.05%,13,
151,vite_9aa1528a3af601d36ef0cb1f44f59a106a09afe5e928da16ac,vite_9aa1528...e5e928da16ac,,33,"5,375.7 / 0","5,408.70",0.05%,58,
152,vite_4b02e5fda9d935db8e47c02c80ffabb4223ab986d682a566d8,vite_4b02e5f...86d682a566d8,,146.1,"5,092.1 / 0","5,238.20",0.05%,53,
153,vite_acdb11d0104903fe794d108004bde6932ff8cc86fbfa6676c2,vite_acdb11d...86fbfa6676c2,,0,"5,206.8 / 0","5,206.80",0.05%,"1,637",
154,vite_67aff3510e0e832247d002315769205a7b5b765f1dd6e90509,vite_67aff35...5f1dd6e90509,,"5,186.40",0 / 0,"5,186.40",0.05%,71,
155,vite_1d0399c2ef870e6e867c5a4f4527103bf5d9068b565564b161,vite_1d0399c...8b565564b161,,"5,149.40",0 / 0,"5,149.40",0.05%,129,
156,vite_b6edb4536ee157f40383b12d6246fa7404f1d849722e067d0d,vite_b6edb45...49722e067d0d,,"5,131.12",0 / 0,"5,131.12",0.05%,456,
157,vite_6f2f840a14f96d4e92e23c28533b9f488702b36909b3c03bb5,vite_6f2f840...6909b3c03bb5,,0,"5,036.8 / 0","5,036.80",0.05%,318,
158,vite_cccfb7432f1eb9f9e7075fe1a3290e08b30f014a46206912d1,vite_cccfb74...4a46206912d1,,"5,003.19",0 / 0,"5,003.19",0.05%,363,
159,vite_714c7bd6b3b367397fe7aa77088fdb593bd1ac220fe8199dd6,vite_714c7bd...220fe8199dd6,,"5,000",0 / 0,"5,000",0.05%,2,
160,vite_a2f919c2c12d48725092bae43a92e959204b67579aace5ae8a,vite_a2f919c...579aace5ae8a,,"5,000",0 / 0,"5,000",0.05%,1,
161,vite_3e2775c1d92140b944f1d238657ab71168555ae6a59f0cbd83,vite_3e2775c...e6a59f0cbd83,,"4,867.80",0 / 0,"4,867.80",0.04%,70,
162,vite_f2a18aa41e85c5bd8356cd4e8206fd0bdb889ae670939b8312,vite_f2a18aa...e670939b8312,,"4,827",0 / 0,"4,827",0.04%,404,
163,vite_8aa36cda4d3c6ffbce5d4a14c126a38f6b8c4a52094cec49f8,vite_8aa36cd...52094cec49f8,,0,"4,744 / 0","4,744",0.04%,231,
164,vite_eb11d5ccaa500cf789541bebfa2c910f3616b10d804d58ea32,vite_eb11d5c...0d804d58ea32,,"4,636.80",98.5 / 0,"4,735.30",0.04%,11,
165,vite_0bcc11e41ba9dee401cc8fb7191c11860354e6b84079dbe84d,vite_0bcc11e...b84079dbe84d,,"4,719.80",0 / 0,"4,719.80",0.04%,19,
166,vite_24cf291f9c6ff7bce6fe9ff5cea09d799be8c6dfa0bc72fee9,vite_24cf291...dfa0bc72fee9,,"4,694.58",0 / 0,"4,694.58",0.04%,111,
167,vite_962daa76f53a5314a1146452d5aab9cc692504e273f66f10f8,vite_962daa7...e273f66f10f8,,"4,676.41",0 / 0,"4,676.41",0.04%,201,
168,vite_37bf78035afb61aecc834b264ddccc44b87181153cd1ff9e40,vite_37bf780...153cd1ff9e40,,"2,241.50","2,418.1 / 0","4,659.60",0.04%,39,
169,vite_1fae46ce7474c9332ab9e43b48d7b4011ab730996e94cf1689,vite_1fae46c...996e94cf1689,,0,"4,644.4987 / 0","4,644.50",0.04%,159,
170,vite_c8c327147a96994c75c204c52c7a88a808ca4af6d9208c0cb5,vite_c8c3271...f6d9208c0cb5,,"4,532.40",0 / 0,"4,532.40",0.04%,26,
171,vite_6bfa48dc91f993481bd27367517159fc7475b8fba5361f6447,vite_6bfa48d...fba5361f6447,,"4,478.70",0 / 0,"4,478.70",0.04%,116,
172,vite_2f632185f7e3438926c28034255582cf574400b28cce201837,vite_2f63218...b28cce201837,,"4,469.30",0 / 0,"4,469.30",0.04%,8,
173,vite_fbb3f59358c798e9e7c9a0a3ce84fd2494e7bc74d96c4556f6,vite_fbb3f59...74d96c4556f6,,0,"4,456.4 / 0","4,456.40",0.04%,129,
174,vite_323ec2bb8d729f551e2e5badca34b73ea6d4e9c1469b19da73,vite_323ec2b...c1469b19da73,,"4,445.27",0 / 0,"4,445.27",0.04%,43,
175,vite_b5057bdeb1d5516f009a13e2e6299f0318239230ca9cb7a796,vite_b5057bd...30ca9cb7a796,,"4,300",0 / 0,"4,300",0.04%,50,
176,vite_870af4181b36810b102ea0fe27aeead8d4dc8b522af4743011,vite_870af41...522af4743011,,"4,294.50",0 / 0,"4,294.50",0.04%,62,
177,vite_adf349e80bafe71b75f21264ba04016b40e2880b394aec5e11,vite_adf349e...0b394aec5e11,,0,"4,210 / 0","4,210",0.04%,979,
178,vite_ff79337596c047587256d2e14b02840e5fc9389ad71094f055,vite_ff79337...9ad71094f055,,"4,193.90",0 / 0,"4,193.90",0.04%,41,
179,vite_6b995a01737ae2d9631cff5bdbffdec24c0bfb46a22c295e31,vite_6b995a0...46a22c295e31,,"1,274","2,897.4 / 0","4,171.40",0.04%,485,
180,vite_be8bd43b43fc6b94f35928e5fd9d36e186cfd6b31e5d91c777,vite_be8bd43...b31e5d91c777,,"3,509.40",636.9 / 0,"4,146.30",0.04%,14,
181,vite_4839ce1b332839568f95c93fd1753d7cb0e81254423e1a0ad2,vite_4839ce1...54423e1a0ad2,,"4,102.50",0 / 0,"4,102.50",0.04%,7,
182,vite_be280f65b38623d35c61ac8e369a7d66496beb2deb6c8f09e3,vite_be280f6...2deb6c8f09e3,,"4,072",0 / 0,"4,072",0.04%,45,
183,vite_2ba89d777a7571c9b21f0deddb9812728ffcf3ede4fcef5983,vite_2ba89d7...ede4fcef5983,,"4,033.69",0 / 0,"4,033.69",0.04%,"1,087",
184,vite_b65276ef076239677bed1ca9461b3c6f145fcfc76cc414f999,vite_b65276e...c76cc414f999,,"4,024",0 / 0,"4,024",0.04%,5,
185,vite_cdc3f8f222aa86e03de48751f4db20ee3f40a87c697235bf45,vite_cdc3f8f...7c697235bf45,,0,"3,937 / 0","3,937",0.04%,17,
186,vite_464aa4ad771fa122c1c7b4bbbe803776c9eb11fbe4b8dad95c,vite_464aa4a...fbe4b8dad95c,,"3,919.70",0 / 0,"3,919.70",0.04%,31,
187,vite_e25ac58931c8fc440ccf8e7c52f10eb5124e01a693e50fa639,vite_e25ac58...a693e50fa639,,"3,888",0 / 0,"3,888",0.04%,44,
188,vite_532dd4a9a218264e6e491d4791e2f15254546c9da04bc23edd,vite_532dd4a...9da04bc23edd,,"3,832.40",0 / 0,"3,832.40",0.03%,49,
189,vite_4ee3937a54e5663c10e2f77011ba6e5aa21a83ae1c31000379,vite_4ee3937...ae1c31000379,,"3,786.90",0 / 0,"3,786.90",0.03%,13,
190,vite_436af16880c09a25f373d75a87d7a2be2d59f1d7a8568f1f6c,vite_436af16...d7a8568f1f6c,,0,"3,729.5 / 0","3,729.50",0.03%,10,
191,vite_84b86a1f5ca55ed02f220466645bc5a65c1c94e1b56f51ad7a,vite_84b86a1...e1b56f51ad7a,,"3,681.90",0 / 0,"3,681.90",0.03%,12,
192,vite_80e4df4d1926dab7754e5e449e38c781cac1d80a21349ad7ef,vite_80e4df4...0a21349ad7ef,,"3,668.10",0 / 0,"3,668.10",0.03%,38,
193,vite_cb65712f394a6e975f5f375d3b2151e67c59a4db83ecac4d02,vite_cb65712...db83ecac4d02,,0,"3,595.3 / 0","3,595.30",0.03%,14,
194,vite_a917f99176962c6f90b1d43a432d1fa02cd1280a9e55af82c3,vite_a917f99...0a9e55af82c3,,0,"3,533.0168 / 0","3,533.02",0.03%,994,
195,vite_2ff3ff8707ad1709a6d4ff68b382a340d1d79402be7026e6c5,vite_2ff3ff8...02be7026e6c5,,"3,498.90",0 / 0,"3,498.90",0.03%,130,
196,vite_088fb33bac82418ee44a51a26a2a1804118ada4b14678aa354,vite_088fb33...4b14678aa354,,"3,474",0 / 0,"3,474",0.03%,12,
197,vite_3b29b1265c649067b571fde218be7fbb375ef659f9acb69988,vite_3b29b12...59f9acb69988,,"3,202.42",0 / 0,"3,202.42",0.03%,144,
198,vite_1b90ffb06e06a9aa4ea7fe372d2e5dae61bc2b270dfbf01bdd,vite_1b90ffb...270dfbf01bdd,,0,"3,102.2 / 0","3,102.20",0.03%,48,
199,vite_5e643e549aa057fc1b952c3d8adddfb72cf30f83148f7f1451,vite_5e643e5...83148f7f1451,,10,"3,034 / 0","3,044",0.03%,10,
200,vite_4495e11cffaa1443be79e46516c4589db6fd5012fc3840b42b,vite_4495e11...12fc3840b42b,,"3,006.10",0 / 0,"3,006.10",0.03%,124,
201,vite_b8282b2ea684a8656154f82ee62fc4aa664f88eed42c5926bf,vite_b8282b2...eed42c5926bf,,0,"3,000 / 0","3,000",0.03%,345,
202,vite_0c0ccb5291584d619ebbafbe3dca045a6ad7df529e3c3629cc,vite_0c0ccb5...529e3c3629cc,,"2,856.60",0 / 0,"2,856.60",0.03%,31,
203,vite_616c60a78049e1fc0f8fbe493b0a29dbb744d3cd647de9c2bc,vite_616c60a...cd647de9c2bc,,"2,829.80",0 / 0,"2,829.80",0.03%,34,
204,vite_cc8902a18e4a6e1e927cd458ceb325ff76a775411a81694ab3,vite_cc8902a...411a81694ab3,,0,"2,823.7123 / 0","2,823.71",0.03%,199,
205,vite_a27b56d3ee3a2a308422fd5f32057f38accb7e5f19be5ce69a,vite_a27b56d...5f19be5ce69a,,0,"2,657.52 / 0","2,657.52",0.02%,72,
206,vite_b3d9f4c7485859849219e1fdc27ecd0fb608d5f9ce883cb72a,vite_b3d9f4c...f9ce883cb72a,,"2,649.70",0 / 0,"2,649.70",0.02%,17,
207,vite_d466bf3d82cf6c63ad2e16029674fcc76a9873995ac3a27406,vite_d466bf3...995ac3a27406,,"2,647.90",0 / 0,"2,647.90",0.02%,17,
208,vite_9e0745bc8295d384e46a2382a2d5cfb4832ce31eeb6786fd37,vite_9e0745b...1eeb6786fd37,,"1,323.20","1,322 / 0","2,645.20",0.02%,24,
209,vite_b439c5eeff4394c54aee444c60a8be51cb460c69456949b324,vite_b439c5e...69456949b324,,"2,607",0 / 0,"2,607",0.02%,3,
210,vite_f1c306698cfa5b8b6475e48dcf74040f455fe24ce2edc5a79d,vite_f1c3066...4ce2edc5a79d,,"2,532.70",0 / 0,"2,532.70",0.02%,193,
211,vite_5a974e70d053d24ebd421fd655457d6b471080f428251dc6d9,vite_5a974e7...f428251dc6d9,,"2,517.50",0 / 0,"2,517.50",0.02%,48,
212,vite_14240e62e69dd43533f1fbd9f6f86960a1a3742077ab279598,vite_14240e6...2077ab279598,,0,"2,514.7 / 0","2,514.70",0.02%,20,
213,vite_a0500901c6d944e523554ea2170f07f92806722bdcc9645f12,vite_a050090...2bdcc9645f12,,0,"2,483.1 / 0","2,483.10",0.02%,13,
214,vite_45b1a760076df38dc8a6984f0a879388bf507b4990fc683616,vite_45b1a76...4990fc683616,,"2,480.90",0 / 0,"2,480.90",0.02%,10,
215,vite_5346c061977b2818359ad52b9dc2c65d976968427f7de1fd27,vite_5346c06...427f7de1fd27,,"2,425.10",0 / 0,"2,425.10",0.02%,9,
216,vite_6aaf7e05070aa32dc85e4bc7902b9f76dddbae2e1f90d04dfd,vite_6aaf7e0...2e1f90d04dfd,,"1,301.53","1,099.301 / 0","2,400.83",0.02%,"1,119",
217,vite_2871f4ce5ad16733390a95fdb30e06b70c29d95d0bc707341b,vite_2871f4c...5d0bc707341b,,"2,398.35",0 / 0,"2,398.35",0.02%,"3,417",
218,vite_498a7cfe223b07c92148bee8104047a28020c2b632487adbf2,vite_498a7cf...b632487adbf2,,"2,372.40",2.6 / 0,"2,375",0.02%,17,
219,vite_3781a47d8eeadb9eb02cc4752a777df96853027728ee5c4291,vite_3781a47...7728ee5c4291,,0,"2,341.28 / 0","2,341.28",0.02%,957,
220,vite_b4e5c10d6a0722102a9a93df80db8d0457396fba580554aa54,vite_b4e5c10...ba580554aa54,,"2,321",0 / 0,"2,321",0.02%,2,
221,vite_d5cc7c1a69fb3c5161bbcb017d7889abf8b1121126ad15d828,vite_d5cc7c1...1126ad15d828,,"2,282.20",0 / 0,"2,282.20",0.02%,7,
222,vite_06d6d1f0991dc2f1e7f660b6dc628c6819b9221bdfc61af0c3,vite_06d6d1f...1bdfc61af0c3,,"2,230.50",0 / 0,"2,230.50",0.02%,17,
223,vite_901fd937bb01c7e7cc291b0a53e5eba56c307a5ca8f9703f46,vite_901fd93...5ca8f9703f46,,"2,229.30",0 / 0,"2,229.30",0.02%,153,
224,vite_b4df17376c6757815fcf67faf1a87817219df6002f8353eefb,vite_b4df173...002f8353eefb,,0,"2,220.2 / 0","2,220.20",0.02%,15,
225,vite_701d6656d18447d9a60dfdd9d38cafd6cc36d99508ef38813a,vite_701d665...9508ef38813a,,"2,140",50 / 0,"2,190",0.02%,48,
226,vite_127d75489d739514595cd1b54e150a7e9674ecef764e0dad87,vite_127d754...ef764e0dad87,,"2,188.40",0 / 0,"2,188.40",0.02%,6,
227,vite_bb39b9bb743d69f7a828b9933d2a691a3a57338bec32877efe,vite_bb39b9b...8bec32877efe,,0,"2,148.7 / 0","2,148.70",0.02%,10,
228,vite_c62d6641c69ded8c9cb3abdcf6ea35a0cf24d524dbf9da59fc,vite_c62d664...24dbf9da59fc,,280,"1,863.0028 / 0","2,143.00",0.02%,590,
229,vite_d6184b9a9c40eb8282d9e538bed2c060ad0641a261062b95ef,vite_d6184b9...a261062b95ef,,0,"2,127.6 / 0","2,127.60",0.02%,60,
230,vite_813a8020dc3f8004645a696c5f2cc2f7282b49b54918bcbff6,vite_813a802...b54918bcbff6,,"2,116.40",0 / 0,"2,116.40",0.02%,32,
231,vite_a52affaa9fe39dc80c9bd7aeaba8f4eb8c5f20fc56215fadd1,vite_a52affa...fc56215fadd1,,"2,083.40",0 / 0,"2,083.40",0.02%,28,
232,vite_55b83e7f8c5e4fc779add3b750f11f32681c7ac335bad2c5dd,vite_55b83e7...c335bad2c5dd,,0,"2,069.1 / 0","2,069.10",0.02%,28,
233,vite_8b6d604809878bb3ec00b78aca2bb78135841809edff200f18,vite_8b6d604...09edff200f18,,"2,035.40",0 / 0,"2,035.40",0.02%,42,
234,vite_4ea7a362d8355606fbac2632b1246c8985b29bf0a7778eb09e,vite_4ea7a36...f0a7778eb09e,,"2,002",0 / 0,"2,002",0.02%,5,
235,vite_7bfe57c70836058dd861056d32f3337c9ec88cfc1cb1aa5355,vite_7bfe57c...fc1cb1aa5355,,"2,000.44",0 / 0,"2,000.44",0.02%,70,
236,vite_f298c6f57a1fc74fd03ddfb4479c13c5f7eb766d0c3027b8dd,vite_f298c6f...6d0c3027b8dd,,"2,000",0 / 0,"2,000",0.02%,4,
237,vite_c01e0dbde991eac034bdfd1893d9b919bef05cba4d35d649d1,vite_c01e0db...ba4d35d649d1,,0,"2,000 / 0","2,000",0.02%,16,
238,vite_e8bd855252b53322b485c515c50dc7171b58f7e5274bd78fae,vite_e8bd855...e5274bd78fae,,"1,993.14",0 / 0,"1,993.14",0.02%,79,
239,vite_c12c786a4003bd2fb3a475ee23e43240730d960f4fd1a4dd53,vite_c12c786...0f4fd1a4dd53,,0,"1,989.984 / 0","1,989.98",0.02%,20,
240,vite_1fc72c745fc665dfbda8fed86f0b0269403290b68846c2fc67,vite_1fc72c7...b68846c2fc67,,"1,989.16",0 / 0,"1,989.16",0.02%,79,
241,vite_95ca6c43ca4d34df39bee4c4da0caee6e8548808197a1bc8a9,vite_95ca6c4...08197a1bc8a9,,0,"1,985 / 0","1,985",0.02%,7,
242,vite_b9ac53026082a0fc4b5b4093e71044a27d9023d5683152b984,vite_b9ac530...d5683152b984,,"1,962.20",0 / 0,"1,962.20",0.02%,800,
243,vite_beb589e4b0a7c7db4de245fe8664b64227740de0237fcbd921,vite_beb589e...e0237fcbd921,,"1,960.10",0 / 0,"1,960.10",0.02%,18,
244,vite_2fd6e45b337c38e91337880c56341bf23a3ad96c648772c92d,vite_2fd6e45...6c648772c92d,,"1,952.30",0 / 0,"1,952.30",0.02%,39,
245,vite_a4cf285ee9b243476ff87a3949ccb6d8463bd8adb74f879888,vite_a4cf285...adb74f879888,,"1,950.20",0 / 0,"1,950.20",0.02%,14,
246,vite_268292b64e208a9ca789e19b4318b971e30c36598c19cad6a1,vite_268292b...598c19cad6a1,,"1,911.20",0 / 0,"1,911.20",0.02%,58,
247,vite_8084a068bb1a0b6d728057f0b70e0e6084502927914d5ab94a,vite_8084a06...27914d5ab94a,,0,"1,899 / 0","1,899",0.02%,9,
248,vite_9f6a2fb86d81b0a78606873fcda2e47acae38f78bf31506574,vite_9f6a2fb...78bf31506574,,"1,853.98",0 / 0,"1,853.98",0.02%,33,
249,vite_13f6f7f9f3759d68f8e6d1dd1a6bf7900f8c7325d21c5c40d8,vite_13f6f7f...25d21c5c40d8,,"1,851",0 / 0,"1,851",0.02%,21,
250,vite_e2352a5f464f4f7f9ba10ec56cce3f040cd7c4fd2a2adef707,vite_e2352a5...fd2a2adef707,,"1,824.60",0 / 0,"1,824.60",0.02%,12,
251,vite_13f703217b18b09b1d3b4a512e3be05ff94a51bf8a8977d68a,vite_13f7032...bf8a8977d68a,,"1,820.37",0 / 0,"1,820.37",0.02%,20,
252,vite_bc99886f584afb13edb67a031e5c533dcb7544929518b9fc08,vite_bc99886...929518b9fc08,,"1,810.06",0 / 0,"1,810.06",0.02%,434,
253,vite_1bef593c5f301662dc518e4822242341d2d81606dcb648bc67,vite_1bef593...06dcb648bc67,,"1,772.16",0 / 0,"1,772.16",0.02%,203,
254,vite_749a88af386941012d87d04afe48b8b3a91a96e48f7030b9dd,vite_749a88a...e48f7030b9dd,,"1,752.70",0 / 0,"1,752.70",0.02%,14,
255,vite_4012b8d18a98465b394fc08f8731cea7da941c0041ea87363f,vite_4012b8d...0041ea87363f,,0,"1,724.6005 / 0","1,724.60",0.02%,708,
256,vite_4cba5b680a88c824a783e19b9db1b38838a00e608f0bcb3e66,vite_4cba5b6...608f0bcb3e66,,"1,719.60",0 / 0,"1,719.60",0.02%,24,
257,vite_58bff79171efd25dca0ad5408a246df2fb72a02481f2632ed9,vite_58bff79...2481f2632ed9,,"1,695",0 / 0,"1,695",0.02%,44,
258,vite_7546c774f52a6f8c3ee7c57eda7bc095996dd79e66beb741d6,vite_7546c77...9e66beb741d6,,"1,694.70",0 / 0,"1,694.70",0.02%,38,
259,vite_7cfaa262fee2649342b75c332a616c761066c8e665a33abd84,vite_7cfaa26...e665a33abd84,,"1,659.90",0 / 0,"1,659.90",0.02%,7,
260,vite_56cdcb7868331be934fa5ab5cd1c7092f1d90acd8262342695,vite_56cdcb7...cd8262342695,,0,"1,632.5 / 0","1,632.50",0.01%,18,
261,vite_097da4f3689c78f19f34af0d92e9dd0a2220b2431c1e93422a,vite_097da4f...431c1e93422a,,"1,626",0 / 0,"1,626",0.01%,1,
262,vite_643622d4845ad2a319bd29849746ef218a076c069ea4dc40d0,vite_643622d...069ea4dc40d0,,0,"1,604.31 / 0","1,604.31",0.01%,"1,235",
263,vite_0081a4fb78ac782cbe225ab5998e097aa97e1a7d6a2c9911fb,vite_0081a4f...7d6a2c9911fb,,"1,596",0 / 0,"1,596",0.01%,3,
264,vite_736cf7e5eb53fb200a426112ac0651a9d747e477a6122e0933,vite_736cf7e...77a6122e0933,,"1,587.90",0 / 0,"1,587.90",0.01%,11,
265,vite_56dd66b5c71eca940f9a6938ebaa65af08405f7cad8f8830ad,vite_56dd66b...7cad8f8830ad,,0,"1,575.3 / 0","1,575.30",0.01%,6,
266,vite_988e8cce7cf1f8bcb95023b767715cbcf82b919437c0a0ef43,vite_988e8cc...9437c0a0ef43,,"1,544.12",0 / 0,"1,544.12",0.01%,81,
267,vite_0a2de2f63ee45ace1b1559f164db561d62db6cbc63fb4b0d23,vite_0a2de2f...bc63fb4b0d23,,0,"1,526.4 / 0","1,526.40",0.01%,43,
268,vite_6e77843b5b346e3adae94ecbd8f085be3738ca1d79f72f000f,vite_6e77843...1d79f72f000f,,"1,524.06",0 / 0,"1,524.06",0.01%,"2,635",
269,vite_7f2e85a97eba9a2e87cb9f211c62c0af51780a494e38d2da24,vite_7f2e85a...494e38d2da24,,0,"1,498.9 / 0","1,498.90",0.01%,43,
270,vite_da89659ff08d045e0754d16dbcf148b7293ac0680606143d45,vite_da89659...680606143d45,,"1,496.20",0 / 0,"1,496.20",0.01%,17,
271,vite_b0ad015ea0eb0996da74cbbc15de28026886f9687bfcaffa8c,vite_b0ad015...687bfcaffa8c,,"1,494.10",0 / 0,"1,494.10",0.01%,51,
272,vite_51c9e81f1edb9ce3948650524416a7f070262d6ff02889c054,vite_51c9e81...6ff02889c054,,"1,473.80",0 / 0,"1,473.80",0.01%,5,
273,vite_bf1e61012042a3bb7bd0be4847d5590a724d8264813a6d51a4,vite_bf1e610...64813a6d51a4,,"1,461.84",0 / 0,"1,461.84",0.01%,26,
274,vite_d1ad26bd6938fd2d1c113a4a302f2cc64e0f7b1454cb830de3,vite_d1ad26b...1454cb830de3,,0,"1,457 / 0","1,457",0.01%,879,
275,vite_498a704c9fb47ea166ea5c5d19cf933546448588cec44289c4,vite_498a704...88cec44289c4,,"1,456.10",0 / 0,"1,456.10",0.01%,27,
276,vite_20962c026df5de155f6f13172757945e27db952cde5df0c1db,vite_20962c0...2cde5df0c1db,,"1,450.81",0 / 0,"1,450.81",0.01%,170,
277,vite_9fb41dd1a2c88e0704a843099d593067fa05ced8be9b786120,vite_9fb41dd...d8be9b786120,,"1,410",0 / 0,"1,410",0.01%,27,
278,vite_9e2933e71314ba040f761dcb1a838a82f7aea3df434a3dcff4,vite_9e2933e...df434a3dcff4,,"1,405.50",0 / 0,"1,405.50",0.01%,3,
279,vite_6f8c09fa02f7c93eea1b692cf224e2ad2121eeeaf412dc0356,vite_6f8c09f...eaf412dc0356,,903.6,501.22 / 0,"1,404.82",0.01%,162,
280,vite_3d3c0104327a05c53f9ab0f864406214d608721abb5cd7c184,vite_3d3c010...1abb5cd7c184,,"1,391.20",0 / 0,"1,391.20",0.01%,6,
281,vite_fec0294b00f5a3d1d85a72028d639e65bb1034168181ecb719,vite_fec0294...168181ecb719,,"1,372.50",0 / 0,"1,372.50",0.01%,12,
282,vite_179587d522da346ef4dbeed8ba406aa5d8aa80b00f18c906ab,vite_179587d...b00f18c906ab,,0,"1,360.1 / 0","1,360.10",0.01%,6,
283,vite_a65abacae2843de1ad10fdfa5aef4d70c3a400a17b1eeb0c1b,vite_a65abac...a17b1eeb0c1b,,"1,355.01",0 / 0,"1,355.01",0.01%,831,
284,vite_aabddca34758d931ddb476cdfd7e8d6cf77e7966ba463574ac,vite_aabddca...66ba463574ac,,0,"1,351.8 / 0","1,351.80",0.01%,"1,202",
285,vite_7e96deee8bcec6f7fe39e0a443e351fd9e41fa197b156a5a27,vite_7e96dee...197b156a5a27,,"1,350.70",0 / 0,"1,350.70",0.01%,10,
286,vite_32e6029405a8b00c03d31377c006f823e63e11470549db7007,vite_32e6029...470549db7007,,200,"1,139.3 / 0","1,339.30",0.01%,23,
287,vite_b7c948d5c31752aba0f7745f21f494bddfa7c26f81d0c2077b,vite_b7c948d...6f81d0c2077b,,0,"1,338.8 / 0","1,338.80",0.01%,11,
288,vite_f0bd8c17c87b7d23eb4f6b87a699f35715c719e39cf2f6ebbc,vite_f0bd8c1...e39cf2f6ebbc,,0,"1,317.33 / 0","1,317.33",0.01%,202,
289,vite_fcaa140245312ecf669d75fd1af152abb90ec2237670369a99,vite_fcaa140...237670369a99,,"1,290.30",0 / 0,"1,290.30",0.01%,40,
290,vite_63dbde8c978697f52d75353732e3754496309eaefccb981115,vite_63dbde8...aefccb981115,,"1,283.30",0 / 0,"1,283.30",0.01%,13,
291,vite_e35d98cb7832332288056f1e370223e8198a70f3ea78b53652,vite_e35d98c...f3ea78b53652,,"1,280.67",2.1413 / 0,"1,282.81",0.01%,6,
292,vite_0eaf7f1ef0041221acc41e4d8c437a547b13a17140d33183ea,vite_0eaf7f1...7140d33183ea,,"1,250",0 / 0,"1,250",0.01%,29,
293,vite_21d5db0f8b2d06322f906a59b72099006daf5f34126644a280,vite_21d5db0...34126644a280,,"1,245",0 / 0,"1,245",0.01%,6,
294,vite_1ded6f62a65852a25949aa8bc1b18a86e24b1465ec6534b49f,vite_1ded6f6...65ec6534b49f,,"1,207.60",0 / 0,"1,207.60",0.01%,17,
295,vite_6d1cc56a806dd603b444d2ae6c94268a59d824ab6e73378821,vite_6d1cc56...ab6e73378821,,0,"1,201.9 / 0","1,201.90",0.01%,7,
296,vite_482966fc6f2ba29a535e9af549076bf57042f87f7f77772455,vite_482966f...7f7f77772455,,"1,197.50",0 / 0,"1,197.50",0.01%,19,
297,vite_4e837f7dd3e0bee1a355c675db16ceba967b7c9658bc07b0cd,vite_4e837f7...9658bc07b0cd,,"1,197.23",0 / 0,"1,197.23",0.01%,3,
298,vite_8653b571db746f551a2e2e5a813d60fd592e8c065f6eea8abf,vite_8653b57...065f6eea8abf,,0,"1,179.7 / 0","1,179.70",0.01%,11,
299,vite_860ea33078ddf3483ac0bc392390a81c5b22c7825f0a44ae96,vite_860ea33...825f0a44ae96,,0,"1,169.4 / 0","1,169.40",0.01%,8,
300,vite_791af467ef375eb251255c3233807ca645e72da6193ee39083,vite_791af46...a6193ee39083,,"1,155.30",0 / 0,"1,155.30",0.01%,30,
301,vite_453247bebfc601609d5543d91d18330db816de73bdb0c5fe6c,vite_453247b...73bdb0c5fe6c,,0,"1,154.9 / 0","1,154.90",0.01%,69,
302,vite_1e5853acb57650cf670690f4902f9b2f47e73bc1d6f4f0a0f9,vite_1e5853a...c1d6f4f0a0f9,,"1,142.40",0 / 0,"1,142.40",0.01%,51,
303,vite_8abd63a5d7240a56ac3365e1b43992cc9ed14455a63144ae37,vite_8abd63a...55a63144ae37,,"1,100.55",0 / 0,"1,100.55",0.01%,465,
304,vite_2a3db8380f262c217c96e922dbe897e90d064e9c7dad76ee75,vite_2a3db83...9c7dad76ee75,,0,"1,074.5 / 0","1,074.50",0.01%,30,
305,vite_400308e820fab581e235797ed420a429fb7282b33678abbf24,vite_400308e...b33678abbf24,,0,"1,072.1319 / 0","1,072.13",0.01%,530,
306,vite_106a53ef04efbdcff89177eae57dcdb19d36739cfcb181e304,vite_106a53e...9cfcb181e304,,"1,051.91",0 / 0,"1,051.91",0.01%,"3,731",
307,vite_4d5a137bdd0138afe024f6bcda25dcad9880d807fcbdad7866,vite_4d5a137...07fcbdad7866,,463,587.3 / 0,"1,050.30",0.01%,266,
308,vite_fc7d9c4e487c0080cfdd694c44f2df25283ae09fd0e9a24a21,vite_fc7d9c4...9fd0e9a24a21,,"1,031.70",0 / 0,"1,031.70",0.01%,7,
309,vite_2b2b4d6e5e9ed241b73cb1f02b003031e04870046e7c1c4e56,vite_2b2b4d6...046e7c1c4e56,,0,"1,028.4 / 0","1,028.40",0.01%,141,
310,vite_238cfe7521248f23c5ac1f3f4152f0f1f1f74d90d76a6b6091,vite_238cfe7...90d76a6b6091,,"1,019.92",0 / 0,"1,019.92",0.01%,76,
311,vite_67415bc6c23194b8d76b8a158d79028bb7f9a36d08e266948f,vite_67415bc...6d08e266948f,,"1,018",0 / 0,"1,018",0.01%,13,
312,vite_57483a4e224e8aa3f7afbe8bf8c6988f92276507e8164351e2,vite_57483a4...07e8164351e2,,0,"1,000.1 / 0","1,000.10",0.01%,27,
313,vite_c69e00926b62a10e7de05d80eba4b5ed0554a45e02bdb6fc61,vite_c69e009...5e02bdb6fc61,,"1,000",0 / 0,"1,000",0.01%,2,
314,vite_df12b92a35d099a5348ed884729a40c5966d0ac5db25a0cda4,vite_df12b92...c5db25a0cda4,,"1,000",0 / 0,"1,000",0.01%,4,
315,vite_72f8fc4deae5c21217c5b2ddb4ec6143c2e3e302b7e8ba3fd2,vite_72f8fc4...02b7e8ba3fd2,,"1,000",0 / 0,"1,000",0.01%,2,
316,vite_a873aeb97b193e62fa804b473288f212688d35b83e26a4b496,vite_a873aeb...b83e26a4b496,,"1,000",0 / 0,"1,000",0.01%,1,
317,vite_fc269f701a4a2394981f88fc3d5ebb72cfbf48809e79c14e3c,vite_fc269f7...809e79c14e3c,,"1,000",0 / 0,"1,000",0.01%,126,
318,vite_6de7f2af92d8342adc89f08eea1baad04b23ec9aa04afd5755,vite_6de7f2a...9aa04afd5755,,0,994.6 / 0,994.6,0.01%,8,
319,vite_5f3d57f79be9a3a662d85ec150de5575e311be611a3ceb7648,vite_5f3d57f...611a3ceb7648,,0,978 / 0,978,0.01%,5,
320,vite_bbd3e76e281337f15683bae09f417477923226b42a02926730,vite_bbd3e76...b42a02926730,,0,947.2 / 0,947.2,0.01%,3,
321,vite_56a8a00d1386b1cd67ba145fd0711dcc02ca955050783ae558,vite_56a8a00...5050783ae558,,942.9,0 / 0,942.9,0.01%,10,
322,vite_cd28fd622b598a315d1489af77ee7eef53367dbacae566a868,vite_cd28fd6...bacae566a868,,928.8,0 / 0,928.8,0.01%,7,
323,vite_5ecc3d1ce1f330ae5229c53fe5c1c6152dab9bbc374aa50e7e,vite_5ecc3d1...bc374aa50e7e,,928.7,0 / 0,928.7,0.01%,5,
324,vite_c4220e76e231a9850472cf2adeb727fdc58b80595bac983598,vite_c4220e7...595bac983598,,922,0 / 0,922,0.01%,4,
325,vite_792197dff9ccce7b7c8b482044eb9f27d5b0b0676f31a10432,vite_792197d...676f31a10432,,908.9,0 / 0,908.9,0.01%,67,
326,vite_6279d879650621c306b5f6570eb1c87bca437a742af9fbd7b7,vite_6279d87...742af9fbd7b7,,860,0 / 0,860,0.01%,5,
327,vite_a236c85391c4f2276516976897960bd9af1a9636c7f8f9a589,vite_a236c85...36c7f8f9a589,,851.1,0 / 0,851.1,0.01%,75,
328,vite_057b5f4e1256270fc925a96d4ba6bfd2a02f8fd8d9e3f3598d,vite_057b5f4...d8d9e3f3598d,,0,836.302 / 0,836.302,0.01%,"2,591",
329,vite_d1879dedb6cf93ac6938344fdedb23f516085b2291b8f60bee,vite_d1879de...2291b8f60bee,,831.3633,0 / 0,831.3633,0.01%,110,
330,vite_44b4f21d6af76a2188dd8d8482b645357a42c8c6fda8c67510,vite_44b4f21...c6fda8c67510,,0,802.95 / 0,802.95,0.01%,"6,302",
331,vite_1669d8f2618ea03be14d2ebec8c2849d840440d15ad031f51a,vite_1669d8f...d15ad031f51a,,797.6851,0 / 0,797.6851,0.01%,2,
332,vite_aa0f46f8d64af214db5acaae7fb009cb91e60590995962dbab,vite_aa0f46f...90995962dbab,,0,776.936 / 0,776.936,0.01%,56,
333,vite_79f123527c0ad989c3ceb3cb639bd0b887370a36d45f752fc4,vite_79f1235...36d45f752fc4,,768.3,0 / 0,768.3,0.01%,63,
334,vite_581338c95c0b04fdfce2c7dfb9a366c99c9fafd6b393e069eb,vite_581338c...d6b393e069eb,,0,762.4 / 0,762.4,0.01%,5,
335,vite_7dedc3ccf98818033b93a8cdd977c241ae5534782180af3e4c,vite_7dedc3c...782180af3e4c,,758.3,0 / 0,758.3,0.01%,37,
336,vite_fea7d2b9dfba16c2277ee7deb7bed4a6b268273ab7839b4b68,vite_fea7d2b...3ab7839b4b68,,0,755.87 / 0,755.87,0.01%,468,
337,vite_4998398bd9c73bcd4d78d581d3b187c9ef4213bbf851fd55a4,vite_4998398...bbf851fd55a4,,0,750 / 0,750,0.01%,545,
338,vite_54ca8a7e7b47f8b4082f17ed54045ef3ebba1c8223ac73104b,vite_54ca8a7...8223ac73104b,,748.1,0 / 0,748.1,0.01%,6,
339,vite_dced6bbd09db167d52a6d94edcdb83334cb6c12fb64aabf2bd,vite_dced6bb...2fb64aabf2bd,,740.0104,0 / 0,740.0104,0.01%,215,
340,vite_c342cdaed56b2086b4fadb4d404427f2914384dcdcaea8f275,vite_c342cda...dcdcaea8f275,,737,0 / 0,737,0.01%,147,
341,vite_21d9ff39ef7f585f7af1d73ecd33f11e0c8af8a9e188f2a697,vite_21d9ff3...a9e188f2a697,,0,735.7 / 0,735.7,0.01%,476,
342,vite_b35895a34803488ac829bcde2bb1e6338787364020795e1884,vite_b35895a...4020795e1884,,0,722.43 / 0,722.43,0.01%,98,
343,vite_2669d01e69cd3ace491807401ae79a02231e7e81ed4ed61626,vite_2669d01...81ed4ed61626,,716.5,0 / 0,716.5,0.01%,7,
344,vite_cb1457b964d5c0a8dd25ec7e29ed5d2a22a192f1f1931afbf7,vite_cb1457b...f1f1931afbf7,,710.1319,0 / 0,710.1319,0.01%,79,
345,vite_863e2983d7fc7c0f410b1ddbfa11ba04c959f8d32ca412a4c9,vite_863e298...d32ca412a4c9,,0,700.6 / 0,700.6,0.01%,34,
346,vite_31542bf28f54c67b5549289fcb944b931024b7664050de3824,vite_31542bf...664050de3824,,0,681 / 0,681,0.01%,956,
347,vite_913c1d9d95c3d8dd25437d096ca36c8320a8a2c127f072d97b,vite_913c1d9...c127f072d97b,,674.3,0 / 0,674.3,0.01%,8,
348,vite_484f260ba8f83758e27197983e8c889ed99ad08f58459e4ac0,vite_484f260...8f58459e4ac0,,672.5137,0 / 0,672.5137,0.01%,12,
349,vite_2e6db475bac09812dfdaec54cf62d1cf7399814eb6ec3612c5,vite_2e6db47...4eb6ec3612c5,,134.5,525.9 / 0,660.4,0.01%,54,
350,vite_e0ef37e0ddfad4451cee9841a14d5cfdb3f69cdca381a5c174,vite_e0ef37e...dca381a5c174,,659,0 / 0,659,0.01%,41,
351,vite_5773956b767057f5fb1c69c7d49f9cc12a01f7612ba1887566,vite_5773956...612ba1887566,,651.3108,0 / 0,651.3108,0.01%,762,
352,vite_ec601ed3807434bcd2f88701bd735d6f4b85ea1577192f5366,vite_ec601ed...1577192f5366,,650,0 / 0,650,0.01%,9,
353,vite_993faa71974f5b3ae69212a6ebd9f24ae2fce08fdefca5340f,vite_993faa7...8fdefca5340f,,649,0 / 0,649,0.01%,13,
354,vite_c3181ae303194bef0f216cf001fa04f43490d60f54cec53f98,vite_c3181ae...0f54cec53f98,,0,638.6108 / 0,638.6108,0.01%,246,
355,vite_fb623cc6218699a340420700699da838e98f38e37abcc92a53,vite_fb623cc...e37abcc92a53,,633.7,0 / 0,633.7,0.01%,6,
356,vite_e580cc26e5c251106333371afcf7c93aef5f84d7c2173ab318,vite_e580cc2...d7c2173ab318,,627.6,0 / 0,627.6,0.01%,8,
357,vite_c08dd21af91fd446fe8911a94da7052ee3a104698694786137,vite_c08dd21...698694786137,,0,623.9 / 0,623.9,0.01%,61,
358,vite_6331402ebb154141f43032ba3495a3b6c9aea1c135e8c2edcc,vite_6331402...c135e8c2edcc,,0,621.4865 / 0,621.4865,0.01%,174,
359,vite_42aa95565aaf353fe375879a805c70275306b2a9e2b37e2a80,vite_42aa955...a9e2b37e2a80,,614.8,0 / 0,614.8,0.01%,33,
360,vite_de0b1c001260bbd70a7c269057fd0c2dafe04e49736e12a4b9,vite_de0b1c0...49736e12a4b9,,600,0 / 0,600,0.01%,16,
361,vite_de0b1c001260bbd70a7c269057fd0c2dafe04e49736e12a4b9,vite_de0b1c0...49736e12a4b9,,600,0 / 0,600,0.01%,16,
362,vite_4e339dc5559118fe1bf89652a7a8b18b5cc05fedefa258f446,vite_4e339dc...edefa258f446,,600,0 / 0,600,0.01%,5,
363,vite_788778d8f644565fba03c626fc83e3cca5088e800ffefc14ea,vite_788778d...800ffefc14ea,,594.6,0 / 0,594.6,0.01%,70,
364,vite_b63cba879b4f491537cd8c3f45c6fde10c3c101637421ab797,vite_b63cba8...1637421ab797,,563.1748,0 / 0,563.1748,0.01%,315,
365,vite_3cc1f67bfc6aeaf395358be41a27c05b656440c0447427c1df,vite_3cc1f67...c0447427c1df,,0,552.3 / 0,552.3,0.01%,4,
366,vite_e7a2b53b5da095a471115b43c96dcc32febf26ffa4d6858a9a,vite_e7a2b53...ffa4d6858a9a,,551.8,0 / 0,551.8,0.01%,5,
367,vite_77f1ad14baa379eebaa79c989b5ba7ba48df5619c3e1b44cf5,vite_77f1ad1...19c3e1b44cf5,,549.87,0 / 0,549.87,0.01%,64,
368,vite_e7fd72452634ed912cd9edfe48d77bfd3bc222d4cdb7507657,vite_e7fd724...d4cdb7507657,,0,536.2959 / 0,536.2959,0.00%,81,
369,vite_83d2aac7f89f82793ffc68e522a326152b550fa83223d0a0e1,vite_83d2aac...a83223d0a0e1,,50,482.5 / 0,532.5,0.00%,994,
370,vite_7bcc073f2ef2f53347f5089a93ba1c7eb36bb4fa5f9a140adf,vite_7bcc073...fa5f9a140adf,,526.89,0 / 0,526.89,0.00%,111,
371,vite_9acee720a2b2d564379a51d51f24743d4cecc7d629bca3507a,vite_9acee72...d629bca3507a,,525.8918,0 / 0,525.8918,0.00%,39,
372,vite_e3da5fc2e90bab811d074d51dea33f99bbf8371b05a1e4319d,vite_e3da5fc...1b05a1e4319d,,0,525.4 / 0,525.4,0.00%,5,
373,vite_10a0a58e408159c937f20f93f95ad7e1239722bd1f1dde0f74,vite_10a0a58...bd1f1dde0f74,,0,523.5 / 0,523.5,0.00%,27,
374,vite_bbb6ba046bb92166a08e890c514994320f41300a2877af5c96,vite_bbb6ba0...0a2877af5c96,,518.0992,0 / 0,518.0992,0.00%,"6,901",
375,vite_61e6f256eaec91d0723118e4061e25dce22a011571e9a9337e,vite_61e6f25...1571e9a9337e,,510,0 / 0,510,0.00%,3,
376,vite_aaac001cda9bd8e153789edefb6dc9a99ca6c37adc122692e9,vite_aaac001...7adc122692e9,,501,0 / 0,501,0.00%,4,
377,vite_fabc5749316cb8e438dfe89beefb0167b4ea3bb9dedeadc55a,vite_fabc574...b9dedeadc55a,,500,0 / 0,500,0.00%,2,
378,vite_4bedbe88cecdc9401dbd6d804976f2e6dab54cc732350a826b,vite_4bedbe8...c732350a826b,,500,0 / 0,500,0.00%,1,
379,vite_9df626f828982dc914c268bbc03730727397deb11d2c6616eb,vite_9df626f...b11d2c6616eb,,500,0 / 0,500,0.00%,2,
380,vite_ca100dcc55433c342e0067b03b9bffa398dbb2ab094e7310c9,vite_ca100dc...ab094e7310c9,,500,0 / 0,500,0.00%,1,
381,vite_56b2fe2268c2b21bd9fce17f5a32d864c21f3d999c896b2996,vite_56b2fe2...999c896b2996,,500,0 / 0,500,0.00%,1,
382,vite_ca100dcc55433c342e0067b03b9bffa398dbb2ab094e7310c9,vite_ca100dc...ab094e7310c9,,500,0 / 0,500,0.00%,1,
383,vite_16194696ca3871d6a0a2f22615cc5bd8db487c59cf2bcd489a,vite_1619469...59cf2bcd489a,,500,0 / 0,500,0.00%,1,
384,vite_ae06ee9016d0ad009ab79faa30ae2917caee1af7b677e43150,vite_ae06ee9...f7b677e43150,,500,0 / 0,500,0.00%,3,
385,vite_c1affcec150f74fc55ba5fbc85e507b6d4d242db85a659c36f,vite_c1affce...db85a659c36f,,0,499.9 / 0,499.9,0.00%,27,
386,vite_bcf57ce6ea638546506f596acf4c8c7c92c7a0a60cd3ae1f8f,vite_bcf57ce...a60cd3ae1f8f,,497.4,0 / 0,497.4,0.00%,118,
387,vite_5cf82fafa1a70d4761a2f0a10671673fb9c2d9c3dbce657ab1,vite_5cf82fa...c3dbce657ab1,,476.6,0 / 0,476.6,0.00%,4,
388,vite_74cdf6058e647dcefe273a49744215f58e3c9acbedb9510799,vite_74cdf60...cbedb9510799,,468.9,0 / 0,468.9,0.00%,7,
389,vite_6f837450a4397b6ab5f6e2949fb176c87aea1dd5af346ddf27,vite_6f83745...d5af346ddf27,,0,468.6 / 0,468.6,0.00%,"2,891",
390,vite_45318507682b4df7ea7bda13e81dc23a6c336406f2d94b158d,vite_4531850...06f2d94b158d,,200,250.9 / 0,450.9,0.00%,619,
391,vite_1effe0030c837fb9971621d7e0e6aa68d03d5e2437f68c7a03,vite_1effe00...2437f68c7a03,,448.8,0 / 0,448.8,0.00%,9,
392,vite_6290b2710bd3176d052e758135f635dfe0e8ebffd97c86b0a2,vite_6290b27...ffd97c86b0a2,,0,442.2 / 0,442.2,0.00%,5,
393,vite_e3162e7bb34f56c628ef294aef7f30f324a279abe241e62699,vite_e3162e7...abe241e62699,,0,441.73 / 0,441.73,0.00%,208,
394,vite_4fe0b55f6f6e516658c772e23dbce212fd0ce7a4605d928c29,vite_4fe0b55...a4605d928c29,,0,436.5 / 0,436.5,0.00%,6,
395,vite_3d57649831ea8ebd6ada17bb61c843b52777707464e380e871,vite_3d57649...7464e380e871,,11,418.8 / 0,429.8,0.00%,16,
396,vite_15bc244c4cce3c1f51df5339fda991355e69d1caf58f0c2bdb,vite_15bc244...caf58f0c2bdb,,423.1,0 / 0,423.1,0.00%,5,
397,vite_2ea15a46ec00001ed00733ffbd91332159caf02a46766ef3d7,vite_2ea15a4...2a46766ef3d7,,410.3,0 / 0,410.3,0.00%,8,
398,vite_c7fa624e6686f6db3ec1c05762244dd248766fb51291416904,vite_c7fa624...b51291416904,,410,0 / 0,410,0.00%,4,
399,vite_1c78ae0bbce1de3433893e1dfc521424ea1e7cd8f679f2aa47,vite_1c78ae0...d8f679f2aa47,,400.97,0 / 0,400.97,0.00%,265,
400,vite_8c77aa54cbe14c7e05252194169b9bb6a46db7c02b777559aa,vite_8c77aa5...c02b777559aa,,395.4,0 / 0,395.4,0.00%,35,
401,vite_751aeb3d98f3543358f37e784709cfdcbeddd823d8d79d1334,vite_751aeb3...23d8d79d1334,,395.3,0 / 0,395.3,0.00%,6,
402,vite_bd4b0859e3b48ae6b796107383b0d0e6fbc187badaa614c078,vite_bd4b085...badaa614c078,,375.8,0 / 0,375.8,0.00%,6,
403,vite_2aafa8484c967f5f7ed3ff5cb7d31d49b239c498cf569e4e30,vite_2aafa84...98cf569e4e30,,375,0 / 0,375,0.00%,5,
404,vite_fd33e07fba092b037f2b9eea38b69454e753098bc12323283f,vite_fd33e07...8bc12323283f,,362.2,0 / 0,362.2,0.00%,1,
405,vite_45347e6fd17f4e240f6f9990eff7565f92d71b0eb092d74075,vite_45347e6...0eb092d74075,,0,362 / 0,362,0.00%,63,
406,vite_d17ebaab88a49111062865c972fed3fb05486fc2fdf6d0baa9,vite_d17ebaa...c2fdf6d0baa9,,105,250 / 0,355,0.00%,24,
407,vite_00ef2e4dc6123b15e41306ee823c2885b819288e529cc3918e,vite_00ef2e4...8e529cc3918e,,0,339.5 / 0,339.5,0.00%,3,
408,vite_c4df64762cf9c41578d01dce64d2be8a99d16a035112b81858,vite_c4df647...035112b81858,,332.5,0 / 0,332.5,0.00%,14,
409,vite_ec46528e31265bcadbc6b5e9e7cf1c044905d2f58c97b55bf2,vite_ec46528...f58c97b55bf2,,0,326.67 / 0,326.67,0.00%,63,
410,vite_8c921535fbd57ab27a92fa9a243028102f8ed2080efca09087,vite_8c92153...080efca09087,,0,326 / 0,326,0.00%,7,
411,vite_b8f29cdad7ddd061ddd6c3d59f52287cb7817fe6bb0b099adb,vite_b8f29cd...e6bb0b099adb,,0,320.33 / 0,320.33,0.00%,67,
412,vite_3e91ac35f8994bb3873a5aac33fb689a666bc2bca4492f5512,vite_3e91ac3...bca4492f5512,,302,0 / 0,302,0.00%,5,
413,vite_ddf28db61d5492e20816941caff4a7e11a97147c856db82396,vite_ddf28db...7c856db82396,,0,300 / 0,300,0.00%,"21,893",
414,vite_41d67ac2f519785bb67ea118b4fec50e57b70ec953f76959b3,vite_41d67ac...c953f76959b3,,297,0 / 0,297,0.00%,10,
415,vite_171cbd3de51d128cb18d5872fee8a47805c278e9679e8d0ea6,vite_171cbd3...e9679e8d0ea6,,291.3186,0 / 0,291.3186,0.00%,22,
416,vite_ec73ef10359dffb148c6c73a4a99fbf6fe0cfafd715d340a87,vite_ec73ef1...fd715d340a87,,0,287.8789 / 0,287.8789,0.00%,3,
417,vite_f774bb0b5aa2c75acd7473f909b9c184ede91f8a9b5b581ad2,vite_f774bb0...8a9b5b581ad2,,0,286.37 / 0,286.37,0.00%,943,
418,vite_78ec814798981f9a6c02b1a5d0a6d205d84966461318a5555a,vite_78ec814...461318a5555a,,0,283.5 / 0,283.5,0.00%,27,
419,vite_ca00178a4381832ed60399e758a0daab518fa602acab36245b,vite_ca00178...02acab36245b,,273,0 / 0,273,0.00%,6,
420,vite_ae18144af08a3e7e7d117374db13b5be68f962c1439bc88c70,vite_ae18144...c1439bc88c70,,265,0 / 0,265,0.00%,2,
421,vite_abcc50643e79c3e95198e99acbc81bd3efb5bd484a3f51699a,vite_abcc506...484a3f51699a,,261.9,0 / 0,261.9,0.00%,13,
422,vite_146988d1c7c1d8a672a3e31e2e9030f55c75cea143a2a8c6ba,vite_146988d...a143a2a8c6ba,,256.48,0 / 0,256.48,0.00%,9,
423,vite_0f01919c29861bca8c43ed0c1316caaf17539e6df0b179a500,vite_0f01919...6df0b179a500,,250,0 / 0,250,0.00%,2,
424,vite_c83ff504e7a0fc92d23840381fcf8241474c0eda54e1a8e850,vite_c83ff50...da54e1a8e850,,250,0 / 0,250,0.00%,1,
425,vite_7b7efb78d6226ae15486d91ef95ed48d2a7e0ee3ec58d265db,vite_7b7efb7...e3ec58d265db,,239.3,0 / 0,239.3,0.00%,510,
426,vite_257e89a35e4a23ad0ee0b3be324c56ef25575cb250812d5d2a,vite_257e89a...b250812d5d2a,,223.9,0 / 0,223.9,0.00%,730,
427,vite_386fb4dbcdce51164f15b8eea8da13fb32657ba503e0666366,vite_386fb4d...a503e0666366,,217.3,0 / 0,217.3,0.00%,16,
428,vite_a2574944f3cfe5c1b0e7e82b3ca2464df59d090915ef80ed9b,vite_a257494...0915ef80ed9b,,211.6149,0 / 0,211.6149,0.00%,16,
429,vite_cae6b37849ab8763dd62ed5c94d31d8b9f023c2523bc76afe9,vite_cae6b37...2523bc76afe9,,205.1,0 / 0,205.1,0.00%,13,
430,vite_42774870a3fee3b82b7f527b0b89fde13ea873f38e8bcbdd03,vite_4277487...f38e8bcbdd03,,203.7,0 / 0,203.7,0.00%,67,
431,vite_5e5e7a15429fd04b9578295afb28b0de5badf3aca925666042,vite_5e5e7a1...aca925666042,,0,200.0815 / 0,200.0815,0.00%,392,
432,vite_7f5343703b50c7c19840d42b4049016e8365f6477eeb0391d4,vite_7f53437...477eeb0391d4,,200,0 / 0,200,0.00%,5,
433,vite_f64ae56883837c649dc95389b1d2d13f72e763b8c1de9cb710,vite_f64ae56...b8c1de9cb710,,200,0 / 0,200,0.00%,4,
434,vite_ef5b2c0cf3f7f2bb8c42436af04cc18ed5af09653560368152,vite_ef5b2c0...653560368152,,194.73,0 / 0,194.73,0.00%,2,
435,vite_e4d752830fbab0cc07ce55828d5ae0779276232a063cd4dfe6,vite_e4d7528...2a063cd4dfe6,,179.8,0 / 0,179.8,0.00%,24,
436,vite_85908e336f066bf1c97ffd5a6de7f6516a5e5b61748a87ab90,vite_85908e3...61748a87ab90,,178.5,0 / 0,178.5,0.00%,15,
437,vite_2311bdf7538a6997d2a26bc3a5bad8a62695b8ec3e4a3224d8,vite_2311bdf...ec3e4a3224d8,,168.1858,Oct-00,178.1858,0.00%,3,
438,vite_12c4dc60de692039be897d8981e6a1e083ffa4db3c8e4d67a7,vite_12c4dc6...db3c8e4d67a7,,176.3,0 / 0,176.3,0.00%,22,
439,vite_5b91ec0e4814302c4f2a030b8643cd7932088864c3c22b9e81,vite_5b91ec0...64c3c22b9e81,,174.4597,0 / 0,174.4597,0.00%,94,
440,vite_d8bdb4ad5b6607566733b3b89ef580963c939a28d4ef5ebe1b,vite_d8bdb4a...28d4ef5ebe1b,,0,173.5499 / 0,173.5499,0.00%,40,
441,vite_00fcdaf6e59cb3a50a1870d6afe50cba2b763e4fcfe5280283,vite_00fcdaf...4fcfe5280283,,0,170.2985 / 0,170.2985,0.00%,228,
442,vite_6cb12cca6d1922cb3f85f05d58f25a06b4ec6bcf7966247117,vite_6cb12cc...cf7966247117,,0,170.1 / 0,170.1,0.00%,4,
443,vite_79bff84d0ec63d37da3eebb5c3c4344242131ecb75062b32c2,vite_79bff84...cb75062b32c2,,166.2632,0 / 0,166.2632,0.00%,280,
444,vite_ed7d46b1013df37b14e935ebfb5af33225d85d768052007b48,vite_ed7d46b...768052007b48,,163,0 / 0,163,0.00%,2,
445,vite_023e6f4724bf22e0001a0ec20f95a6ead21f8de115b37e7302,vite_023e6f4...e115b37e7302,,0,162 / 0,162,0.00%,4,
446,vite_d4acc598d29b6fb8244da8938fdf799f23870c25d789c9abca,vite_d4acc59...25d789c9abca,,161,0 / 0,161,0.00%,3,
447,vite_9128dbf28ce9b4ca6ce6e19892b82c401b73b2c6b028942e82,vite_9128dbf...c6b028942e82,,161,0 / 0,161,0.00%,5,
448,vite_1c94b95a69fdc8e1139fb44e7814202265e5cf9968cac52bd5,vite_1c94b95...9968cac52bd5,,156.4,0 / 0,156.4,0.00%,48,
449,vite_12bfa528e6f9bfce2736161a181586f48430a0d2060c04ee92,vite_12bfa52...d2060c04ee92,,152,0 / 0,152,0.00%,140,
450,vite_707014a82c74c645df186e8b8200063da3d46b473795fe6b3a,vite_707014a...473795fe6b3a,,150.9,0 / 0,150.9,0.00%,6,
451,vite_18268f54a5931780658f691740fc146b001a51d247be962338,vite_18268f5...d247be962338,,150,0 / 0,150,0.00%,1,
452,vite_801e6b48b6819652cd0e7557c0a921cb795e27eff51949ee3e,vite_801e6b4...eff51949ee3e,,150,0 / 0,150,0.00%,"2,613",
453,vite_a04ade297821eb4d826de949729c5ff06a867d0d3d880a20cb,vite_a04ade2...0d3d880a20cb,,50,100 / 0,150,0.00%,76,
454,vite_c162f6327aa8df1b001d577594cd0f1f5fcb6b414c47b28414,vite_c162f63...414c47b28414,,0,150 / 0,150,0.00%,5,
455,vite_0f79e63430ca945dd2c437984ccdc8e13b730d4813ff872800,vite_0f79e63...4813ff872800,,146.8,0 / 0,146.8,0.00%,11,
456,vite_0432270a0f43ce2f565b5cf1f840b52335e7739162ccab96c9,vite_0432270...9162ccab96c9,,135.2,0 / 0,135.2,0.00%,32,
457,vite_88a820cf05c80248b70886b6715a6bd4da5fde2421a95d788f,vite_88a820c...2421a95d788f,,134.5,0 / 0,134.5,0.00%,9,
458,vite_e4b91d8e7d5abded39843653ccc4387201a57a85b0eb0f93bc,vite_e4b91d8...85b0eb0f93bc,,133.8,0 / 0,133.8,0.00%,16,
459,vite_41e2b0ce9aba3fee872d331d714b1a3e518ab333fd04426c98,vite_41e2b0c...33fd04426c98,,130.53,0 / 0,130.53,0.00%,61,
460,vite_bc7e801d057addad325477cc11c832f857abcbbd5663713062,vite_bc7e801...bd5663713062,,130,0 / 0,130,0.00%,1,
461,vite_d50da86ccdc0d0cf45ff2c727bf006495a5ae49720f1a9b6e4,vite_d50da86...9720f1a9b6e4,,0,125 / 0,125,0.00%,10,
462,vite_1edbe75029bc89e2fa9f868274508d27ab44235865fb3c3b41,vite_1edbe75...5865fb3c3b41,,0,125 / 0,125,0.00%,192,
463,vite_2b97ac29ac4b865e35d16cb44f7dead4884f832efb30c3c0e3,vite_2b97ac2...2efb30c3c0e3,,123.6,0 / 0,123.6,0.00%,8,
464,vite_6d1d8e1fbb92d2f2debe07b38ebf2010ada1b905960a34f279,vite_6d1d8e1...05960a34f279,,119,0 / 0,119,0.00%,8,
465,vite_e633e1d47f2738daee60986c58e9853b5942353821de12579a,vite_e633e1d...3821de12579a,,116,0 / 0,116,0.00%,5,
466,vite_e4247d8d1b22be61b3be5d258b15d665ab4741a618b714861b,vite_e4247d8...a618b714861b,,115.4736,0 / 0,115.4736,0.00%,13,
467,vite_42fd3f1078e45f466fc0d9444e58534a2b6d8408c0cff8a9a7,vite_42fd3f1...08c0cff8a9a7,,103.8351,Nov-00,114.8351,0.00%,30,
468,vite_00e17eb07b96b563f4ee7fc6d21502a34f271da1cde13a14d8,vite_00e17eb...a1cde13a14d8,,0,112.63 / 0,112.63,0.00%,"2,200",
469,vite_064cc07f536c5647b0e27abe1d7365261fad93ac06e9a9eadf,vite_064cc07...ac06e9a9eadf,,109.7,0 / 0,109.7,0.00%,7,
470,vite_6fd4c6077729138f172cfe574232e02367d0436a7e48de7f3e,vite_6fd4c60...6a7e48de7f3e,,109,0 / 0,109,0.00%,1,
471,vite_f9dca65416394793ecb810d94956bb06ef7b3af0a0818ae93c,vite_f9dca65...f0a0818ae93c,,108,0 / 0,108,0.00%,13,
472,vite_9bfb64908fcea1a85635db35ccf333033194fa537c67835982,vite_9bfb649...537c67835982,,105,0 / 0,105,0.00%,3,
473,vite_8c13ac250a6552fce382448ce20538b7162f593b321a66cee8,vite_8c13ac2...3b321a66cee8,,104.7,0 / 0,104.7,0.00%,8,
474,vite_f3a2e0aa5e2b85e8082757b810c7447dc99607bf56e89bbd0b,vite_f3a2e0a...bf56e89bbd0b,,104.1556,0 / 0,104.1556,0.00%,2,
475,vite_0c6fb9add2e80d2ce0e6230a1fd6385594bb73c1000eb9a7b9,vite_0c6fb9a...c1000eb9a7b9,,103.5,0 / 0,103.5,0.00%,11,
476,vite_3a99bc31b1c1a12382594c10ff64f133afb0c10073f546159c,vite_3a99bc3...0073f546159c,,0,102.5 / 0,102.5,0.00%,29,
477,vite_ea93ebc8ffc55392fc1855af06a8604d9ecfd8f9172436ef78,vite_ea93ebc...f9172436ef78,,101.8,0 / 0,101.8,0.00%,14,
478,vite_05722c6adbb720711b0305e748b53d31b0dc1e6e13cebc809a,vite_05722c6...6e13cebc809a,,0,100.92 / 0,100.92,0.00%,93,
479,vite_24dd0a416719013f21e33d8bc8522bf935dca6b4c4263a0d35,vite_24dd0a4...b4c4263a0d35,,100,0 / 0,100,0.00%,1,
480,vite_381920163f60c63e3fb1d86dbba036a090a01ce5341d5a7c61,vite_3819201...e5341d5a7c61,,100,0 / 0,100,0.00%,1,
481,vite_81d7209ead7ea043562382d9b314e244f9618ee8b287cc7049,vite_81d7209...e8b287cc7049,,100,0 / 0,100,0.00%,2,
482,vite_c799ebb1bd94bb5c99c49e8d77f09ff27f3ffb11e498f442c9,vite_c799ebb...11e498f442c9,,100,0 / 0,100,0.00%,1,
483,vite_67da252772abbde6e471cfd022c3809166a26f8631a10788f8,vite_67da252...8631a10788f8,,100,0 / 0,100,0.00%,2,
484,vite_957759e2f7966bd5a5ec463dfc07fd2cb67551c43ab065e02e,vite_957759e...c43ab065e02e,,100,0 / 0,100,0.00%,1,
485,vite_c3c322939bb500ab459b34ffda9ac8f6b520d7f82d680a5ee4,vite_c3c3229...f82d680a5ee4,,100,0 / 0,100,0.00%,1,
486,vite_22070cb95da491ed76d2357ff9ceba1665fa590648b9c82f94,vite_22070cb...0648b9c82f94,,100,0 / 0,100,0.00%,2,
487,vite_24dd0a416719013f21e33d8bc8522bf935dca6b4c4263a0d35,vite_24dd0a4...b4c4263a0d35,,100,0 / 0,100,0.00%,1,
488,vite_381920163f60c63e3fb1d86dbba036a090a01ce5341d5a7c61,vite_3819201...e5341d5a7c61,,100,0 / 0,100,0.00%,1,
489,vite_499dbed38f75e3520f979f3c1ec086451b43e33e194f921504,vite_499dbed...3e194f921504,,100,0 / 0,100,0.00%,1,
490,vite_02d96f69027cceec86e543cdda18c4254fb00fd7a368a39e33,vite_02d96f6...d7a368a39e33,,100,0 / 0,100,0.00%,1,
491,vite_9b21c185624db61a94538151138288f03987b9485a78ed5537,vite_9b21c18...485a78ed5537,,100,0 / 0,100,0.00%,3,
492,vite_92e3306e11b8f7fc186a32204703a737bf1ff689e9b118fb78,vite_92e3306...89e9b118fb78,,100,0 / 0,100,0.00%,2,
493,vite_bb29a700496b76d6f65da1a5b2fde0cb11e39be65908076212,vite_bb29a70...e65908076212,,100,0 / 0,100,0.00%,1,
494,vite_50051d824139186048961228d84115618a5b59a9d4f5d63556,vite_50051d8...a9d4f5d63556,,100,0 / 0,100,0.00%,4,
495,vite_99912b9ea54d9d3ae92249693486934bf925a5bd658415b254,vite_99912b9...bd658415b254,,100,0 / 0,100,0.00%,1,
496,vite_8b3fe9ebae7b728ae4e4b55130ed59bb8eaa4b55355435bc80,vite_8b3fe9e...55355435bc80,,100,0 / 0,100,0.00%,3,
497,vite_1a9d8d925e2d9d0f459199fdb4f9d62f72504dad16b27d391a,vite_1a9d8d9...ad16b27d391a,,100,0 / 0,100,0.00%,5,
498,vite_aef9f3184abfa1f5238e4b4ee456774d640b7abf1aa922413c,vite_aef9f31...bf1aa922413c,,100,0 / 0,100,0.00%,2,
499,vite_80a9873ff52c0378aecacc7164ad22cf6ea4a426485b5e3af1,vite_80a9873...26485b5e3af1,,100,0 / 0,100,0.00%,7,
500,vite_757e9dd8c629ac27e81f515fa81092d76430ed02dbb5e5c09e,vite_757e9dd...02dbb5e5c09e,,99,0 / 0,99,0.00%,8,
501,vite_7d9bafd6a9a7cdbfd94dd4697335ae74cf1128afbe00f265fa,vite_7d9bafd...afbe00f265fa,,98.6763,0 / 0,98.6763,0.00%,3,
502,vite_1d1effa52da4d0d5cc3994afb0eb474ab4e8729dfc76db0e31,vite_1d1effa...9dfc76db0e31,,97.1,0 / 0,97.1,0.00%,142,
503,vite_1dbc8ca2aa81a8086abfbb2b4173daf1ed26530b854a907e7b,vite_1dbc8ca...0b854a907e7b,,89.4,0 / 0,89.4,0.00%,6,
504,vite_f4375c9f9b4897f74cca6272de09d7620a7b4942d12f7085a4,vite_f4375c9...42d12f7085a4,,0,89.2408 / 0,89.2408,0.00%,63,
505,vite_95e3aacb38597ee2b7b917bf7b54df4ccf69464077a2d72da2,vite_95e3aac...4077a2d72da2,,0,85.3089 / 0,85.3089,0.00%,17,
506,vite_b79c9e674cc44c1d270b772aefe6a34cfe70ba6723f7b11fdf,vite_b79c9e6...6723f7b11fdf,,49,31.5 / 0,80.5,0.00%,"1,041",
507,vite_170ab091b557231e2f532a1263527dcc2c72db44248ccb6f24,vite_170ab09...44248ccb6f24,,80,0 / 0,80,0.00%,2,
508,vite_e57d70880eed9efc41930243966cdfd0009aca68a5d71b0863,vite_e57d708...68a5d71b0863,,0,79.4321 / 0,79.4321,0.00%,"1,781",
509,vite_25f536e0de8ca36e8932fe5050f7acaf005295e9dd8035714a,vite_25f536e...e9dd8035714a,,74,0 / 0,74,0.00%,11,
510,vite_2518179471a65d57761f875f264fe66ac4e2eaaaf5cbe9318a,vite_2518179...aaf5cbe9318a,,74,0 / 0,74,0.00%,9,
511,vite_ee26184658964485d98d448bf8466ded62c4498cccf0ea9656,vite_ee26184...8cccf0ea9656,,0,73.2763 / 0,73.2763,0.00%,44,
512,vite_073f7404e876e97cb8087f679d92093c4742ef30334ac80ea9,vite_073f740...30334ac80ea9,,0,71.09 / 0,71.09,0.00%,325,
513,vite_537f7e3abb858706874909c797909c55fd1e60150e00ce34ae,vite_537f7e3...150e00ce34ae,,71,0 / 0,71,0.00%,7,
514,vite_76f1dab37e19acbf00df2e4d9125e64c3be01fb0c7436db814,vite_76f1dab...b0c7436db814,,41,29.3 / 0,70.3,0.00%,6,
515,vite_6f2a7d9af6094a2fcbd512b4986563999a98daafca352d6430,vite_6f2a7d9...afca352d6430,,34.9,35 / 0,69.9,0.00%,275,
516,vite_630dbcddb9dbaf47a034ce9cecee4d587441c5d95b948e80bb,vite_630dbcd...d95b948e80bb,,0,68.8 / 0,68.8,0.00%,705,
517,vite_b679e470f7dee72cf10aa5d0ae7cd4387bfa90d3f3645df011,vite_b679e47...d3f3645df011,,0,65.2 / 0,65.2,0.00%,66,
518,vite_787fc8b8934fbba18b0c5ee1d9395d364fa9298e4f741937d1,vite_787fc8b...8e4f741937d1,,0,61.2 / 0,61.2,0.00%,4,
519,vite_c352d8f2e1c73987040442201c42a7c52b75d833a5181adb3a,vite_c352d8f...33a5181adb3a,,60.8,0 / 0,60.8,0.00%,8,
520,vite_690bd0a5ff3bd59c326411bb09b0845ecd45d78cd867505043,vite_690bd0a...8cd867505043,,60,0 / 0,60,0.00%,2,
521,vite_e1ecfa0fe35bdda14aeebcbde1af1239c756c125838d0779d4,vite_e1ecfa0...25838d0779d4,,0,58.3809 / 0,58.3809,0.00%,312,
522,vite_fe71a6548fcf595c7706d8586d4801d5e640795437d9ee9026,vite_fe71a65...5437d9ee9026,,0,56.8 / 0,56.8,0.00%,767,
523,vite_8684632cefc9b70932a271bf9ce454e9c0bc9ed20d0e05d471,vite_8684632...d20d0e05d471,,0,55.7664 / 0,55.7664,0.00%,39,
524,vite_e3264d6c2b8464dedd9bfb538dc1ce8077dd202eb1a17a5e87,vite_e3264d6...2eb1a17a5e87,,0,54.8 / 0,54.8,0.00%,28,
525,vite_14e44ef41680b277c75c0e563e63216ba70c07729714193c80,vite_14e44ef...729714193c80,,0,54 / 0,54,0.00%,17,
526,vite_66ccb5afeadf7d3e6c281d57205c1b82d9668bb9e571c9159b,vite_66ccb5a...b9e571c9159b,,0,53.8614 / 0,53.8614,0.00%,"1,123",
527,vite_89bdb3ea8638b4a867a95ed33b7eee90efe0c5325220a89020,vite_89bdb3e...325220a89020,,50,0 / 0,50,0.00%,1,
528,vite_d0e49931f84cc8a4cb256a1dea367b5a924a37e8869eb76859,vite_d0e4993...e8869eb76859,,50,0 / 0,50,0.00%,3,
529,vite_cabe72c7fb815739bc572d392ae5c155ae453a6da9a84f9403,vite_cabe72c...6da9a84f9403,,50,0 / 0,50,0.00%,1,
530,vite_6f67b78d3e0019b3ae2393f605e252ae41c913619ba1aaf273,vite_6f67b78...619ba1aaf273,,50,0 / 0,50,0.00%,1,
531,vite_28ab4201356e7d34ae31a2a047d776171fad29e5ab326c808a,vite_28ab420...e5ab326c808a,,50,0 / 0,50,0.00%,3,
532,vite_0a981e7f2e782fcc1212ae127f88012232c0758408e3288ad2,vite_0a981e7...8408e3288ad2,,50,0 / 0,50,0.00%,1,
533,vite_7be463dd3533f3c36f796e823bce4c2875294abd3132d2ab84,vite_7be463d...bd3132d2ab84,,50,0 / 0,50,0.00%,2,
534,vite_73633dcfb9ca4085622b7d327af67a51580ac835cee9e68264,vite_73633dc...35cee9e68264,,50,0 / 0,50,0.00%,1,
535,vite_46b017d3ed1cb6fb97bf52585f3d5ec0b06f3a7417fca62d14,vite_46b017d...7417fca62d14,,0,46.9 / 0,46.9,0.00%,37,
536,vite_d3a870fef59d918ba116b5efc7ba0a1d2489f90974f000a046,vite_d3a870f...0974f000a046,,0,46.54 / 0,46.54,0.00%,29,
537,vite_4d79a6b3261b6727f65226d0072d5b0f52982ab68d3a7e9e36,vite_4d79a6b...b68d3a7e9e36,,0,44.9 / 0,44.9,0.00%,26,
538,vite_bbb2eff3695fa4bd4f81fdd16ad728a932d396451179a8aa14,vite_bbb2eff...451179a8aa14,,44,0 / 0,44,0.00%,7,
539,vite_d1928f4053b53723b94eb7a171ce54ce66c5df842ca22411a5,vite_d1928f4...842ca22411a5,,43.83,0 / 0,43.83,0.00%,2,
540,vite_0c996716a60ed39e50bd57c47651cd2ddecac57eaffe3ede05,vite_0c99671...7eaffe3ede05,,42,0 / 0,42,0.00%,66,
541,vite_32e5a79a7f5283290e16791d9127e2e55546018595a2218fc7,vite_32e5a79...8595a2218fc7,,40,0 / 0,40,0.00%,3,
542,vite_69fe7a91ee065d6bb704815494e7b16a3907803476618455d1,vite_69fe7a9...3476618455d1,,0,36.0681 / 0,36.0681,0.00%,55,
543,vite_06e0763ee313e5de7c59ffd87eec0ecb5b8ad2c91b65b6f374,vite_06e0763...c91b65b6f374,,34,0 / 0,34,0.00%,5,
544,vite_350f4453510a5e493335ab741286b82496f38ef80019c11ae3,vite_350f445...f80019c11ae3,,0,30.5 / 0,30.5,0.00%,45,
545,vite_f162c9af16fed2396c1c3b099095288eaa12095858df5cdbbe,vite_f162c9a...5858df5cdbbe,,30,0 / 0,30,0.00%,6,
546,vite_95570812e189ca719adfb179d041f79c8dbdfd7cf1fffbb251,vite_9557081...7cf1fffbb251,,30,0 / 0,30,0.00%,1,
547,vite_267134555d29287041abae825df67332964f8cd5701a27c614,vite_2671345...d5701a27c614,,0,30 / 0,30,0.00%,3,
548,vite_af7357484f865615275aca55d81536e550bff51ceaa752e993,vite_af73574...1ceaa752e993,,0,28.8 / 0,28.8,0.00%,7,
549,vite_2a63138925e842fa3bc4c09c61d2e9fe1fa6ed25b0dec2c0e2,vite_2a63138...25b0dec2c0e2,,0,27.1 / 0,27.1,0.00%,15,
550,vite_5d4a663096d877a41a670d6e40c1b00e1752c6d9b032f594d2,vite_5d4a663...d9b032f594d2,,25,0 / 0,25,0.00%,2,
551,vite_05e886320ce527ea9739bb12c340a0b218b63dbb456c50a0de,vite_05e8863...bb456c50a0de,,25,0 / 0,25,0.00%,2,
552,vite_8068635b4d794c8b5097817add842ffc878bfa1fdb3b2431b6,vite_8068635...1fdb3b2431b6,,25,0 / 0,25,0.00%,1,
553,vite_cdf9738703719f4bf41003c36a7fd1587859317ba30b65a1f2,vite_cdf9738...7ba30b65a1f2,,0,23.9 / 0,23.9,0.00%,54,
554,vite_dec9892908eebe3da2f43115127e96820adc3dd199a33bd1e5,vite_dec9892...d199a33bd1e5,,0,22.4506 / 0,22.4506,0.00%,9,
555,vite_39bf360726560a07beac531414c0a5f3bfc05d579ca70ae35c,vite_39bf360...579ca70ae35c,,22,0 / 0,22,0.00%,5,
556,vite_0fbf00488813c2fa04275d0d2528701340faf12c5047328768,vite_0fbf004...2c5047328768,,21,0.76 / 0,21.76,0.00%,30,
557,vite_8747af4d5d63e32425b215c6ed417d152f7c17b78265498af0,vite_8747af4...b78265498af0,,0,21 / 0,21,0.00%,46,
558,vite_d697f221546f3acbae4d3cee2fc3f3da1a0e933ba9995ecef8,vite_d697f22...3ba9995ecef8,,0,20.8 / 0,20.8,0.00%,"1,452",
559,vite_125546282ddebe46da45b861486c8097ae4bf3d3b35e1f46b5,vite_1255462...d3b35e1f46b5,,20,0 / 0,20,0.00%,1,
560,vite_7c61666b0f82953e9ca8ca6395d879365e07b6995d73390e1a,vite_7c61666...995d73390e1a,,0,19 / 0,19,0.00%,"1,487",
561,vite_ee580a7da0976b01108f1e15954c52b76f7680270d51e741fe,vite_ee580a7...270d51e741fe,,0,18.1 / 0,18.1,0.00%,"4,149",
562,vite_34769232654be2ac68447c103e19c8f0bc82e4d027860fc536,vite_3476923...d027860fc536,,0,18 / 0,18,0.00%,4,
563,vite_10ce0d3c5b7a1f74b280e522714bfb5b1133aad3b87ac8ad5e,vite_10ce0d3...d3b87ac8ad5e,,17.86,0 / 0,17.86,0.00%,132,
564,vite_e7a444feab682ba11a4bc3995722d16322b665c8a985b46e20,vite_e7a444f...c8a985b46e20,,0,16 / 0,16,0.00%,4,
565,vite_4fa5cd99c777331acd46701298b9c6409bf02c9f81c92144fd,vite_4fa5cd9...9f81c92144fd,,15.7095,0 / 0,15.7095,0.00%,15,
566,vite_1ac61ca703636c24f2ba3c15ce24b976283672972e6944beb6,vite_1ac61ca...972e6944beb6,,0,15.4 / 0,15.4,0.00%,"1,819",
567,vite_13c65b8a7e75ae2daea617e80651482565b2f9600fa5965706,vite_13c65b8...600fa5965706,,15.33,0 / 0,15.33,0.00%,5,
568,vite_a5968eb3adca662f6b3395b5a6adc3b7edd91f26f58c724360,vite_a5968eb...26f58c724360,,15,0 / 0,15,0.00%,4,
569,vite_8dba4edb024f54d11e9b7fae30a09e6f5c2d60a3f70392f650,vite_8dba4ed...a3f70392f650,,15,0 / 0,15,0.00%,1,
570,vite_1d1a651b323302468d7d03020f35ba1fed8249f89548b7b444,vite_1d1a651...f89548b7b444,,0,15 / 0,15,0.00%,8,
571,vite_37473444e49508aae1ce77aabd613b352a0f4c4f63915dde14,vite_3747344...4f63915dde14,,0,15 / 0,15,0.00%,78,
572,vite_ba0b215e8ffcd2a68dc6d045cddd1f893e66c8c690b104a4e2,vite_ba0b215...c690b104a4e2,,0,14.13 / 0,14.13,0.00%,"3,728",
573,vite_464720eb99c5323935c9d5c2bbc241e9e93fef1f55add8c57b,vite_464720e...1f55add8c57b,,14.1,0 / 0,14.1,0.00%,270,
574,vite_9ccce23fd821838c95612a16a87d2fdef5458317bb088f9da8,vite_9ccce23...17bb088f9da8,,12.5,0 / 0,12.5,0.00%,12,
575,vite_095f36ca40b360cb076a2d4bfffd836cf461ce8bcc73e20f5b,vite_095f36c...8bcc73e20f5b,,0,12.4 / 0,12.4,0.00%,8,
576,vite_da91796c3a6f7b9aaa11db48d5d98258ec3bc2ae6ae65a9b07,vite_da91796...ae6ae65a9b07,,12,0 / 0,12,0.00%,16,
577,vite_b31a2d54ca865f3214a026007f3ff080eac0985d55fec778c4,vite_b31a2d5...5d55fec778c4,,11,0 / 0,11,0.00%,3,
578,vite_ea47414b993a72a000dccecbb2dd9b6dce286f84026d6c8eec,vite_ea47414...84026d6c8eec,,10.1612,0 / 0,10.1612,0.00%,3,
579,vite_f18fc677c7720c544308db3aaf24b1b4488a59d5efefedbf8b,vite_f18fc67...d5efefedbf8b,,10,0 / 0,10,0.00%,37,
580,vite_98968266391801b7b6fe72394b925b9a59af1d8ea3d6c87616,vite_9896826...8ea3d6c87616,,10,0 / 0,10,0.00%,2,
581,vite_d70493ad08215632077565bdd88e6f7aca2700a5929c7559ee,vite_d70493a...a5929c7559ee,,10,0 / 0,10,0.00%,3,
582,vite_a7b7a20ffb4c79f4d62a85c7cbc0d7b4ba819c6b045753a989,vite_a7b7a20...6b045753a989,,10,0 / 0,10,0.00%,2,
583,vite_92bd45cd1425d101699b634d888b203297485a36bf80b56181,vite_92bd45c...36bf80b56181,,10,0 / 0,10,0.00%,2,
584,vite_f954b045ed5d39b7b030c1c4e9eb97dc5cc15134e21ca3fbec,vite_f954b04...34e21ca3fbec,,10,0 / 0,10,0.00%,2,
585,vite_a890820c3ff12cf3a713a6f8fb8d9c28bdc26c7fb18cafef72,vite_a890820...7fb18cafef72,,10,0 / 0,10,0.00%,1,
586,vite_3fd8237fcf456e4730a355644fc3d19d941343546c2fcddcf3,vite_3fd8237...546c2fcddcf3,,10,0 / 0,10,0.00%,1,
587,vite_a89deef8b67e99499d860172a3f5e5b274809538b5617c1b96,vite_a89deef...38b5617c1b96,,10,0 / 0,10,0.00%,1,
588,vite_e6c8f1aff6a697d7a9068ea02d3d2ce4a83884afda70dd29fd,vite_e6c8f1a...afda70dd29fd,,10,0 / 0,10,0.00%,1,
589,vite_e6e33f7e2c83adb2348e4d23b6fc0f1113a2f70b3070c8e512,vite_e6e33f7...0b3070c8e512,,10,0 / 0,10,0.00%,2,
590,vite_04eb20d1b0f1198c3067aefb60b2c45ead15f58fd42e79e000,vite_04eb20d...8fd42e79e000,,10,0 / 0,10,0.00%,1,
591,vite_2a36a3bb1dd56baef0c83a8670bf4d21795d2a426743e334f4,vite_2a36a3b...426743e334f4,,10,0 / 0,10,0.00%,1,
592,vite_93376bd47e5f4978692f0378c4d69c6f4e77ade1b8b0840caf,vite_93376bd...e1b8b0840caf,,10,0 / 0,10,0.00%,1,
593,vite_15d076ea37763eb21a98ce4bcd71f4a078e3e2e345fff0a7f3,vite_15d076e...e345fff0a7f3,,10,0 / 0,10,0.00%,1,
594,vite_30f2d10b195efc609c820c2d9bc7cc2c9e6bede4537ec11b23,vite_30f2d10...e4537ec11b23,,10,0 / 0,10,0.00%,2,
595,vite_9f5c68c9564bf34e0e8e672a6e3e1115b905ee1be241aca845,vite_9f5c68c...1be241aca845,,10,0 / 0,10,0.00%,1,
596,vite_c45507ab6e81a5b9bb0da20d0dd4effe9df8454c61a8e1241d,vite_c45507a...4c61a8e1241d,,10,0 / 0,10,0.00%,3,
597,vite_f577041cb6740e40127b66b7c11325d1ea4f16363de288d5c1,vite_f577041...363de288d5c1,,10,0 / 0,10,0.00%,1,
598,vite_ed59ad97337eda9ff29e6e84956fe94f40aeb1b7f4b86eb5b2,vite_ed59ad9...b7f4b86eb5b2,,10,0 / 0,10,0.00%,1,
599,vite_c79d502621fcd9d52f2bb52d3609a8d374cee7c1cb9cacbbfa,vite_c79d502...c1cb9cacbbfa,,10,0 / 0,10,0.00%,2,
600,vite_21683ba6076b112d68a7a4906251f78cbcd7e164f3cd3be34a,vite_21683ba...64f3cd3be34a,,10,0 / 0,10,0.00%,1,
601,vite_ed15c5461f9ee03976a8ddf056dce98192de53bb5c06bd2e03,vite_ed15c54...bb5c06bd2e03,,10,0 / 0,10,0.00%,1,
602,vite_27e1be890e58c8114d0488a559f7dc28cdf4423e75f1bc4212,vite_27e1be8...3e75f1bc4212,,0,Oct-00,10,0.00%,2,
603,vite_122fb146f194a34752c24d14fd0089f9ab58f08eb87133635c,vite_122fb14...8eb87133635c,,10,0 / 0,10,0.00%,33,
604,vite_866809c42bac9e0589c0c071a32f1c019b770e5f6291a95a4c,vite_866809c...5f6291a95a4c,,0,Oct-00,10,0.00%,4,
605,vite_0e1fe9dbe3a2bd0740244114e51f569dc8f369bcee1527889b,vite_0e1fe9d...bcee1527889b,,10,0 / 0,10,0.00%,43,
606,vite_59f6f83a2000b0432c1c9af54a0efca9feadce7e413c3d0db4,vite_59f6f83...7e413c3d0db4,,10,0 / 0,10,0.00%,369,
607,vite_9acdd8b3b31705f248c0c885f7362d7d608de05c6899734f57,vite_9acdd8b...5c6899734f57,,10,0 / 0,10,0.00%,"1,103",
608,vite_72cd2883058f8f7219a0837c8013b04920408b400cebb07564,vite_72cd288...400cebb07564,,0,9.94 / 0,9.94,0.00%,"1,109",
609,vite_be4443c67800559400f938707e0e9e84832823e638b870abac,vite_be4443c...e638b870abac,,0,9.9 / 0,9.9,0.00%,28,
610,vite_e11546ede31c8394dd85f3638069f7272ff4ceb2d2c48187e6,vite_e11546e...b2d2c48187e6,,9.5,0 / 0,9.5,0.00%,2,
611,vite_89575597732090319660a826ccc6a03f218f0af991c91ab44f,vite_8957559...f991c91ab44f,,0,9.41 / 0,9.41,0.00%,777,
612,vite_f75e21d78c9dabbc216c0587b0fbf78c303ed533efb030ec00,vite_f75e21d...33efb030ec00,,0,9.03 / 0,9.03,0.00%,55,
613,vite_73bdb3fc1e0e72e850d7612b0b997f38fbff49f81e6138d2c0,vite_73bdb3f...f81e6138d2c0,,0,8.71 / 0,8.71,0.00%,220,
614,vite_38d25bc16379b8d0dcaeef76e6ed0b1789efe890be4710e014,vite_38d25bc...90be4710e014,,0,7.9 / 0,7.9,0.00%,63,
615,vite_8946944e0b42a2e13093f9e6326bd7b312e6502bae13e6eaa5,vite_8946944...2bae13e6eaa5,,7.5,0 / 0,7.5,0.00%,4,
616,vite_8bb02c58d9afa9a56092cb7da9f5ac117e483ba42d8eb6b3be,vite_8bb02c5...a42d8eb6b3be,,6.5702,0 / 0,6.5702,0.00%,7,
617,vite_b9163e5f8f26b2514da62db263bbf61cab734444af3ecf126e,vite_b9163e5...44af3ecf126e,,5.3854,0 / 0,5.3854,0%,1,
618,vite_98f2c7fc2a5d029d704899076cfec96fb0b266fd62d3d1200f,vite_98f2c7f...fd62d3d1200f,,0,5.1078 / 0,5.1078,0%,3,
619,vite_092744533b50418ccf8cf2fe0a50d2538d19601914d3f8d5b5,vite_0927445...1914d3f8d5b5,,5,0 / 0,5,0%,3,
620,vite_cd0e1b8435b4fb78bcf74235a3dbed44829cc484e1034b5998,vite_cd0e1b8...84e1034b5998,,5,0 / 0,5,0%,2,
621,vite_40d4565857006a5eb3392bee509462e7d0a59314d2d572fc20,vite_40d4565...14d2d572fc20,,5,0 / 0,5,0%,2,
622,vite_8a7ff2654806f7562dd2c7e031c45d4a980574592e96a7b9f6,vite_8a7ff26...592e96a7b9f6,,5,0 / 0,5,0%,2,
623,vite_e16fb5f0a9ab78135d8c45fbb8766ccea4ee0b9f794f702830,vite_e16fb5f...9f794f702830,,5,0 / 0,5,0%,2,
624,vite_2ca977f9df82a23a9e44d168f5cc4afb0588055c6cfcebcabb,vite_2ca977f...5c6cfcebcabb,,5,0 / 0,5,0%,2,
625,vite_d7248e0154bedf518603d7b33578b4bd70391a120390cfa5f9,vite_d7248e0...120390cfa5f9,,5,0 / 0,5,0%,2,
626,vite_836816a143967bb9c643c646c527b0b2b6253284270f8e8735,vite_836816a...84270f8e8735,,5,0 / 0,5,0%,2,
627,vite_69340549334a76e52bd78c402ca3dcb84a404e14c66c7eb84e,vite_6934054...14c66c7eb84e,,5,0 / 0,5,0%,1,
628,vite_14c72faf33d004cb0f4fc080bfdfcf27c0f6ee0bc4868e04be,vite_14c72fa...0bc4868e04be,,5,0 / 0,5,0%,2,
629,vite_f193bcfdd5c0b58129ff03621c62ad208a025f854d506802b6,vite_f193bcf...854d506802b6,,5,0 / 0,5,0%,1,
630,vite_5f1c04d8cae26ef469982501e71e6511161be3e588b2d43a1f,vite_5f1c04d...e588b2d43a1f,,5,0 / 0,5,0%,2,
631,vite_07845488acaa41feab3d92df72b2365e913fdee7a2d08defe4,vite_0784548...e7a2d08defe4,,5,0 / 0,5,0%,1,
632,vite_63be8b4026d15a330bc2921ca6322f33936a04ea040f3a8309,vite_63be8b4...ea040f3a8309,,5,0 / 0,5,0%,2,
633,vite_05c5f5d7da7c53c0c4f5da3431504a2640961d7ed4b441dfbe,vite_05c5f5d...7ed4b441dfbe,,5,0 / 0,5,0%,5,
634,vite_78c4aa3cdab1d4d55fb2a0ccef70768c5bb5e958d7a244db33,vite_78c4aa3...58d7a244db33,,5,0 / 0,5,0%,1,
635,vite_aca2a2d5b66ae22005a3cfd9eb607790bdf52854a7273fee73,vite_aca2a2d...54a7273fee73,,0,May-00,5,0%,"2,950",
636,vite_e75cd64308f471d1305f60387b1cb4411b51af7c8f2febe2c4,vite_e75cd64...7c8f2febe2c4,,5,0 / 0,5,0%,28,
637,vite_542c751ccf93c10e2a973144b79ce4f390c0000c8fbe7f68e8,vite_542c751...0c8fbe7f68e8,,5,0 / 0,5,0%,"17,068",
638,vite_8733a101d77167acf20d383cadb35e70d61528bc47e1400723,vite_8733a10...bc47e1400723,,5,0 / 0,5,0%,141,
639,vite_1eafa653a3cf74f7570fe3ccbea3d84a89353b91cfa4bec282,vite_1eafa65...91cfa4bec282,,5,0 / 0,5,0%,28,
640,vite_c84d8996d17ef4cdd99cb678cb8c9be8d7e5d1426413f7934c,vite_c84d899...426413f7934c,,0,May-00,5,0%,"3,087",
641,vite_a6f541b21ff15e0b42fc3ac37df2e38e27f4b548498e8d2c9a,vite_a6f541b...48498e8d2c9a,,5,0 / 0,5,0%,"2,898",
642,vite_527f58988b7dd3c301794e1963e0a1b6c9a8c9de7d0d93d2bf,vite_527f589...de7d0d93d2bf,,4.9959,0 / 0,4.9959,0%,"2,829",
643,vite_a7d406537f3002105488cfb45d074bc71b101cde195ff57db5,vite_a7d4065...de195ff57db5,,4.9944,0 / 0,4.9944,0%,1,
644,vite_37363ae6e19dff17ebfed76f87382a4a85b0d113ba7d1671f0,vite_37363ae...13ba7d1671f0,,0,4.57 / 0,4.57,0%,398,
645,vite_afec5e2ac1f07b091d2cfb89f82bae7e7233e1da830f55c7fd,vite_afec5e2...da830f55c7fd,,4,0 / 0,4,0%,2,
646,vite_1aea621a6827042bb3db8e2e14ca3e8b3aed271157f554d6c4,vite_1aea621...1157f554d6c4,,0,3.71 / 0,3.71,0%,3,
647,vite_fd86b6c56d65a962cf8a8b5d62efed02cc791ec232a173a71f,vite_fd86b6c...c232a173a71f,,3.33,0 / 0,3.33,0%,"2,856",
648,vite_02cf4751ce456c84faa97ebdf0e422ad69f61e08edaf312d92,vite_02cf475...08edaf312d92,,3.0881,0 / 0,3.0881,0%,32,
649,vite_2fa21ba588de07feb15293183ed0e9f522de610d2367c4c14a,vite_2fa21ba...0d2367c4c14a,,3,0 / 0,3,0%,2,
650,vite_ba89db9bb33ff10db421279873ee419f5ec83b98add136befb,vite_ba89db9...98add136befb,,3,0 / 0,3,0%,"5,096",
651,vite_5c2ec4dd3d3b6e14851d5245e93c65d3355e82c04458804fab,vite_5c2ec4d...c04458804fab,,0,Mar-00,3,0%,16,
652,vite_88ab23e52f8c012da74b73e1ecb95c84f04fde1bc49fdfd9db,vite_88ab23e...1bc49fdfd9db,,0,2.8934 / 0,2.8934,0%,2,
653,vite_d87f7b7063f849f5d9f09faa151cb7361acb2d69024e2163fa,vite_d87f7b7...69024e2163fa,,2.5,0 / 0,2.5,0%,5,
654,vite_7cf5c758c81a4748689bcd5db662f1680f7f0d417fc6a3af81,vite_7cf5c75...417fc6a3af81,,2,0 / 0,2,0%,14,
655,vite_03e67e4755c52811aeed5d44824ab70fa64320a58da62c6727,vite_03e67e4...a58da62c6727,,2,0 / 0,2,0%,8,
656,vite_cd7a2ee9a02a65882d003cf8e029dfa2720e6285bc39ae8ab7,vite_cd7a2ee...85bc39ae8ab7,,2,0 / 0,2,0%,8,
657,vite_1d8a2c6c3e1ea9f2310aac9eb66208f0b9164a3e11d5c1e0aa,vite_1d8a2c6...3e11d5c1e0aa,,0,1.8 / 0,1.8,0%,10,
658,vite_b831de5037a14d0e84e307b31c5033b0c33e39806d90b288a0,vite_b831de5...806d90b288a0,,1.01,0 / 0,1.01,0%,2,
659,vite_b0e154e9ed42a7c5b8001a9c75cf1f346f9bea1d8f60f72e7e,vite_b0e154e...1d8f60f72e7e,,1,0 / 0,1,0%,1,
660,vite_3043bdb3676f6cf0bac7a7b6a5242c86126f573b26a729d494,vite_3043bdb...3b26a729d494,,1,0 / 0,1,0%,1,
661,vite_cfd9a40d49f982dc6818ae1362c6546a9453cd242db5c441d6,vite_cfd9a40...242db5c441d6,,1,0 / 0,1,0%,1,
662,vite_286bf69ba6c26f532499ea4c2898766d02d8dea49b7da5f800,vite_286bf69...a49b7da5f800,,1,0 / 0,1,0%,3,
663,vite_2671133b0adeb939e3e9fc6bb64ed832963de665a1b8057959,vite_2671133...65a1b8057959,,1,0 / 0,1,0%,2,
664,vite_d6f445fba9a9fdab9830ac3d1b08146c1b3ab3df1fab16082e,vite_d6f445f...df1fab16082e,,1,0 / 0,1,0%,2,
665,vite_96447c19e59093a01044ebde802b4e8fe390a95b419e05858e,vite_96447c1...5b419e05858e,,1,0 / 0,1,0%,2,
666,vite_37b34c53db0c77be5f7cc27bd5ffa04adeb985b6b5372d85c3,vite_37b34c5...b6b5372d85c3,,1,0 / 0,1,0%,1,
667,vite_6a6ef1fc78ebd2e77d6f0d77b9a54a07c3c60dcffd8c8a425c,vite_6a6ef1f...cffd8c8a425c,,1,0 / 0,1,0%,1,
668,vite_c051b5f8f7e0050445504731c7a16eeb9dadd14a373c814099,vite_c051b5f...4a373c814099,,1,0 / 0,1,0%,1,
669,vite_18fe38f73f94964ccd7cbe370d6ac089f42becbeb54f0d427f,vite_18fe38f...beb54f0d427f,,1,0 / 0,1,0%,1,
670,vite_6d7572edd8993ce0a99d503bc14245af89ccc650818625e996,vite_6d7572e...50818625e996,,1,0 / 0,1,0%,1,
671,vite_9c6487ec5c77aa535cb51f9c39b1927f0e1b44123fa90d4ef7,vite_9c6487e...123fa90d4ef7,,1,0 / 0,1,0%,1,
672,vite_61d3dbdb3d64e2a0868e59162bccd6a7f578263cc375255702,vite_61d3dbd...3cc375255702,,1,0 / 0,1,0%,1,
673,vite_cad9b7b4e6069cd2e9779cdfe10a3f788cf48159babea336ba,vite_cad9b7b...59babea336ba,,1,0 / 0,1,0%,1,
674,vite_a294010d2ff3d93b7ffed86b970b94dcfc86a01086898d44f1,vite_a294010...1086898d44f1,,1,0 / 0,1,0%,1,
675,vite_8376dab1b83b604e41fae546d7c70ba03b77cc2915a3c7610b,vite_8376dab...2915a3c7610b,,1,0 / 0,1,0%,2,
676,vite_e24026c21dc64824e77bf88b6ecd90364073d1c50e5d69bfc8,vite_e24026c...c50e5d69bfc8,,1,0 / 0,1,0%,1,
677,vite_bbea4a8f0e2ca365c2d5927d115689b324188791642c608e0a,vite_bbea4a8...91642c608e0a,,1,0 / 0,1,0%,1,
678,vite_791dbf244588184eae741def5e5d7e960b49f1d00208037134,vite_791dbf2...d00208037134,,1,0 / 0,1,0%,1,
679,vite_f85558dea412ffd0230b06d7a42c608cf2ff72fc9a8853fb79,vite_f85558d...fc9a8853fb79,,1,0 / 0,1,0%,3,
680,vite_f7a9bd27161690debfd3c079ef353fc64ff1698a422ea865ca,vite_f7a9bd2...8a422ea865ca,,1,0 / 0,1,0%,2,
681,vite_739d2c49d16b79e854f5c868f561d0595a7819d037a084c6e3,vite_739d2c4...d037a084c6e3,,1,0 / 0,1,0%,689,
682,vite_9154bde62c9987c94f6f81bec9994835ba624c2f95a22dc0f3,vite_9154bde...2f95a22dc0f3,,1,0 / 0,1,0%,"9,269",
683,vite_257f1eaf5e47f4869f0cb886ef424d0afed23c672b83f91812,vite_257f1ea...672b83f91812,,1,0 / 0,1,0%,"1,728",
684,vite_2f9448fcdb29b5a91aae0d383b3710f76b3c8b3c0c90586a00,vite_2f9448f...3c0c90586a00,,0,Jan-00,1,0%,788,
685,vite_03a1a689fc5b8dd0936b35e4921c640165f494a711060848e3,vite_03a1a68...a711060848e3,,1,0 / 0,1,0%,765,
686,vite_b2267acd73cb1f301d545cf28412a1191ccc865b942d92f7f4,vite_b2267ac...5b942d92f7f4,,1,0 / 0,1,0%,82,
687,vite_f69592ba2899fdaa60f470df7509837086ec6cb5bcc030cd0b,vite_f69592b...b5bcc030cd0b,,1,0 / 0,1,0%,"1,999",
688,vite_8bed18a961e44664c9f6489ec25890bb07b5da64e220018ef4,vite_8bed18a...64e220018ef4,,1,0 / 0,1,0%,"3,692",
689,vite_4d8f4824d41e988cf951f433c40544572a7fe398025a08a172,vite_4d8f482...98025a08a172,,1,0 / 0,1,0%,"1,286",
690,vite_fb5ca4f0da55374305573d3587e05a589238da45d3bd337097,vite_fb5ca4f...45d3bd337097,,1,0 / 0,1,0%,407,
691,vite_f93fe86cbb466331dcb5cb7a4f2d631de2f6628084e16a07b7,vite_f93fe86...8084e16a07b7,,1,0 / 0,1,0%,31,
692,vite_b789bb30aa9c1aa7448dcb659d0991cdd646665d07142f0c36,vite_b789bb3...5d07142f0c36,,1,0 / 0,1,0%,71,
693,vite_76471ea5a9da0a68bfa9281d90ea1e37a1e485516a4d095f1f,vite_76471ea...516a4d095f1f,,1,0 / 0,1,0%,10,
694,vite_72b4c0bf34c8cd8b54b2089f5d709bbc56ce64a9901a0903f5,vite_72b4c0b...a9901a0903f5,,1,0 / 0,1,0%,"1,860",
695,vite_5019cc89cc06ae178935aeb7ab3e975adcad99aa1d64bdf463,vite_5019cc8...aa1d64bdf463,,1,0 / 0,1,0%,"1,701",
696,vite_f5e1bbefc2ac6beae79abb276ec6410427eff56bff839ccb6c,vite_f5e1bbe...6bff839ccb6c,,0,0.888 / 0,0.888,0%,91,
697,vite_3357be19d5f7ecc452b4a29bcd436da533ac74c064ae0befc8,vite_3357be1...c064ae0befc8,,0,0.8 / 0,0.8,0%,"1,450",
698,vite_563b4bef2fb9a43ea510a04602e3b29fcc36060ca27a5534ab,vite_563b4be...0ca27a5534ab,,0,0.8 / 0,0.8,0%,69,
699,vite_7afc55e98801a7130bc70142d1be64b70ae29f1dd73fb7823c,vite_7afc55e...1dd73fb7823c,,0,0.71 / 0,0.71,0%,79,
700,vite_6893004ef884b75e7e2865078fbca901501452213ba615ea77,vite_6893004...213ba615ea77,,0,0.0987 / 0,0.0987,0%,29,
701,vite_cfc49dd44d3b3e8d51c929ee8d8004112b4df26b76a49cc40c,vite_cfc49dd...6b76a49cc40c,,0,0.0976 / 0,0.0976,0%,12,
702,vite_cdbaa0dc8d67f0e0c28da08728a7ccdb40588a9b95c585153a,vite_cdbaa0d...9b95c585153a,,0,0.0966 / 0,0.0966,0%,41,
703,vite_7727b08ff0edcdae8a67e5f291b2bfb850c379007debf16767,vite_7727b08...007debf16767,,0,0.0915 / 0,0.0915,0%,19,
704,vite_acaafb24e393607e354ea2042c3af30ec3e9342b5e4b04a73e,vite_acaafb2...2b5e4b04a73e,,0,0.0903 / 0,0.0903,0%,352,
705,vite_f96c1e259ee2e9626d5b61adbbdce7577e98ff5d14ab99898b,vite_f96c1e2...5d14ab99898b,,0,0.09 / 0,0.09,0%,236,
706,vite_23c59a2839105427779b868904dcfc38d4d6085670c8a76c9e,vite_23c59a2...5670c8a76c9e,,0.09,0 / 0,0.09,0%,424,
707,vite_467d809b0bd7b6bbccb6761b824393558f26bc3d3b423b900e,vite_467d809...3d3b423b900e,,0,0.09 / 0,0.09,0%,58,
708,vite_268ce31b0f59fd95ea83ae883f263b6d9bfe6e45463e7bd322,vite_268ce31...45463e7bd322,,0,0.0898 / 0,0.0898,0%,29,
709,vite_16745e4b5e307726748a1a19bd7d734a91d8fed368298fcedd,vite_16745e4...d368298fcedd,,0,0.0887 / 0,0.0887,0%,537,
710,vite_f3da15fd4cc042c7af80fea1312cc1b2221763c15e8d00454e,vite_f3da15f...c15e8d00454e,,0,0.088 / 0,0.088,0%,91,
711,vite_2db4536fba0c2a7f89a1a089849bfc264dcee115b5b4ea7715,vite_2db4536...15b5b4ea7715,,0,0.085 / 0,0.085,0%,89,
712,vite_23da17edaa1d2be37d527902ac5211f476510b9c9d3f927266,vite_23da17e...9c9d3f927266,,0,0.0833 / 0,0.0833,0%,12,
713,vite_13946cf08141bc9712fb29b274757ba5a5a875d00c0879441e,vite_13946cf...d00c0879441e,,0,0.08 / 0,0.08,0%,"1,918",
714,vite_1413af08536c3e841c77992873dee030c7f5b887f7b1da51d0,vite_1413af0...87f7b1da51d0,,0,0.08 / 0,0.08,0%,177,
715,vite_f089d1010c11a01eca81503da3e21bb5b5852c36ae58e0a909,vite_f089d10...36ae58e0a909,,0,0.079 / 0,0.079,0%,11,
716,vite_5548ae1261c391e4af1a9cf8bcca3f51f29f903a32aaed2411,vite_5548ae1...3a32aaed2411,,0,0.0774 / 0,0.0774,0%,22,
717,vite_d49cd8b762b8cbe82808289367aa427835cf43340fef7a20e8,vite_d49cd8b...340fef7a20e8,,0,0.0772 / 0,0.0772,0%,31,
718,vite_acf77ac04a597e8d3be888e1988b42d68d0491ce9fbe4439b7,vite_acf77ac...ce9fbe4439b7,,0,0.076 / 0,0.076,0%,64,
719,vite_8e3db561849587a8fe9b336315267b06ccf35d40d214e4fccb,vite_8e3db56...40d214e4fccb,,0,0.076 / 0,0.076,0%,8,
720,vite_51d47c57bb0103cc2fdd2ce6f7beed569ec6b31cabe3909522,vite_51d47c5...1cabe3909522,,0,0.073 / 0,0.073,0%,621,
721,vite_dfbb2e5b158c544b707178cb9b071b57a730891316977fb218,vite_dfbb2e5...1316977fb218,,0,0.0726 / 0,0.0726,0%,948,
722,vite_8d5c062623f3e9d87941e1a89d8d57ecafd02157e8ddd475a5,vite_8d5c062...57e8ddd475a5,,0,0.0718 / 0,0.0718,0%,43,
723,vite_43950933b119dbd71c131206dca3125ab143ce2ca318041a6a,vite_4395093...2ca318041a6a,,0,0.0708 / 0,0.0708,0%,198,
724,vite_800804c6ce95ecaf0003106fc3c03fa2513b8454e3316acd0b,vite_800804c...54e3316acd0b,,0,0.07 / 0,0.07,0%,"1,050",
725,vite_4f71bba866e733ff74780293453bf647a627042f9e0d787753,vite_4f71bba...2f9e0d787753,,0,0.07 / 0,0.07,0%,"1,188",
726,vite_80dbeddac18b521e7e78b4a1182c201e2e5aa8a9bc9f234283,vite_80dbedd...a9bc9f234283,,0,0.07 / 0,0.07,0%,16,
727,vite_528245bb607876320fbbe6082ad8df957be63389b7578ef058,vite_528245b...89b7578ef058,,0,0.0693 / 0,0.0693,0%,250,
728,vite_3495b391eb7ef734de61cbd48bd9b952ee7a8c9f97bc8c578c,vite_3495b39...9f97bc8c578c,,0,0.0685 / 0,0.0685,0%,28,
729,vite_fd714ce996ee2584bdef5951c80610ffb0bf45f4ea3279010a,vite_fd714ce...f4ea3279010a,,0,0.068 / 0,0.068,0%,684,
730,vite_40191fa502c2bd427bb5c36b0f5d4a529db10b836f3f93b66d,vite_40191fa...836f3f93b66d,,0,0.0673 / 0,0.0673,0%,166,
731,vite_1929a5148ecb9bfec541d72793447a2b9b6b2be4ecb37fa1db,vite_1929a51...e4ecb37fa1db,,0,0.0649 / 0,0.0649,0%,36,
732,vite_25d5be01c5de7e0a4f5ba99ed36807affbf7464e937f5367f0,vite_25d5be0...4e937f5367f0,,0,0.0631 / 0,0.0631,0%,25,
733,vite_97e4bf139e9b930cd6005b9cf0f3670fdebe50f3eddd2a5591,vite_97e4bf1...f3eddd2a5591,,0,0.063 / 0,0.063,0%,47,
734,vite_918369e78d990e081487aa27863f98e61220acc038839d64b1,vite_918369e...c038839d64b1,,0,0.0617 / 0,0.0617,0%,15,
735,vite_2b87612451b571267e48e6b706d9fc3484136a355e641f7824,vite_2b87612...355e641f7824,,0.0035,0.0569 / 0,0.0604,0%,203,
736,vite_66aed81847829f5b64dbd3652eb465d42d81bcd52932594bab,vite_66aed81...d52932594bab,,0,0.06 / 0,0.06,0%,210,
737,vite_8bc5176f5d3926d6e69edae9667170a2e6b6d045f1acba67da,vite_8bc5176...45f1acba67da,,0,0.06 / 0,0.06,0%,176,
738,vite_6272caa906da52c5cce179ecd0753565c3d09027aec0977577,vite_6272caa...27aec0977577,,0,0.06 / 0,0.06,0%,62,
739,vite_f489150b46911f7656c3b78bdf56df0522e9e5e4f68f61f6f7,vite_f489150...e4f68f61f6f7,,0,0.06 / 0,0.06,0%,34,
740,vite_45cf0b19cd99ecb543c52c4038f7b5ee093bff5ad3d750a3ff,vite_45cf0b1...5ad3d750a3ff,,0,0.0597 / 0,0.0597,0%,73,
741,vite_88c04f7cb3237eacd5b2ec133d909605d0c25d968bb36e03b2,vite_88c04f7...968bb36e03b2,,0,0.059 / 0,0.059,0%,28,
742,vite_c758bf8fa0e2f80d070166ab28bd3ae6c34e79c7ca2edcce5b,vite_c758bf8...c7ca2edcce5b,,0,0.056 / 0,0.056,0%,139,
743,vite_00064d3dd0fbb670bc54a03f8eb7c8ee8133fb3b7ebc19bdd3,vite_00064d3...3b7ebc19bdd3,,0,0.0532 / 0,0.0532,0%,217,
744,vite_d6bf4d084ee15340b8897525629c5790cec2bec7e535ca3767,vite_d6bf4d0...c7e535ca3767,,0,0.0531 / 0,0.0531,0%,110,
745,vite_9be19a25c1cf27e15e06a782ec3f018bb2dceda649f9a9ebd0,vite_9be19a2...a649f9a9ebd0,,0,0.0529 / 0,0.0529,0%,19,
746,vite_5c8e4b28061192722428f0933717e1ba08aaa67528da0afd54,vite_5c8e4b2...7528da0afd54,,0,0.0516 / 0,0.0516,0%,100,
747,vite_2a556bc5a093eaf12e53f72f781ec1931e5c9adc83336e043b,vite_2a556bc...dc83336e043b,,0,0.05 / 0,0.05,0%,145,
748,vite_a343e28c7566a1ea086bd2c4c21f9308665bb165acef2484b7,vite_a343e28...65acef2484b7,,0,0.05 / 0,0.05,0%,147,
749,vite_f34b828f63c908acbf5cc624f80b4c32c96ce1da4ca2eeda19,vite_f34b828...da4ca2eeda19,,0,0.05 / 0,0.05,0%,14,
750,vite_f9895b3d1e28a2a9d2fe66508478553f36cf53f7ba9f02bc36,vite_f9895b3...f7ba9f02bc36,,0,0.0468 / 0,0.0468,0%,968,
751,vite_917f71816da1c9182665e2d76503e5771395d899ddcd2033cf,vite_917f718...99ddcd2033cf,,0,0.0444 / 0,0.0444,0%,33,
752,vite_b835f0cb16d16ffb6ef5c53ff6bd149f4cff46e536bfc5ebca,vite_b835f0c...e536bfc5ebca,,0,0.04 / 0,0.04,0%,134,
753,vite_ac089ae0b981ae547983700b3841cab939fc3a62d268647a48,vite_ac089ae...62d268647a48,,0,0.04 / 0,0.04,0%,151,
754,vite_cabebe499f9e8f622d63cd4ce403e096da449e0dcd5f72e6e4,vite_cabebe4...0dcd5f72e6e4,,0,0.04 / 0,0.04,0%,418,
755,vite_1c50b752fe11dc2bd3d1b29f8b920ceea8a87d86678d3869ff,vite_1c50b75...86678d3869ff,,0,0.0389 / 0,0.0389,0%,597,
756,vite_4548bd1df2a37d51c20673c6ccd8fd9514ff1262f89421b46d,vite_4548bd1...62f89421b46d,,0,0.0389 / 0,0.0389,0%,16,
757,vite_e3dd37ac0034d6c370402af83675535d8852b4eed376a61d40,vite_e3dd37a...eed376a61d40,,0,0.0388 / 0,0.0388,0%,701,
758,vite_876b5b42783cdf1c1f5e697ed35d16b42737c19760884a7083,vite_876b5b4...9760884a7083,,0,0.0386 / 0,0.0386,0%,116,
759,vite_2da2451388df2f9b34aa545c245a73c686240b3fd4d9f8539c,vite_2da2451...3fd4d9f8539c,,0,0.0372 / 0,0.0372,0%,119,
760,vite_a8aeebc639faa21d1098aef6c5ddb83f9f5c996e6b1ad5a940,vite_a8aeebc...6e6b1ad5a940,,0,0.0331 / 0,0.0331,0%,390,
761,vite_95a9a181288c8d6dba42e88afee408e1c773d758e5b63f0d84,vite_95a9a18...58e5b63f0d84,,0,0.0309 / 0,0.0309,0%,17,
762,vite_753d1fb5ae89d8a357a89a4b2920b0c653523fa03db50e30d3,vite_753d1fb...a03db50e30d3,,0,0.0303 / 0,0.0303,0%,39,
763,vite_4cd61df3686aca65e820d56f63a14ba8da26f8c2688b4159b3,vite_4cd61df...c2688b4159b3,,0,0.03 / 0,0.03,0%,240,
764,vite_cc5f211357555688a25c92672430fd4e189d5f2f36eeec1d3e,vite_cc5f211...2f36eeec1d3e,,0,0.03 / 0,0.03,0%,69,
765,vite_f75fae7f232ef807ab7ad5c0d2b0a65c6a07463e0adbc79297,vite_f75fae7...3e0adbc79297,,0,0.03 / 0,0.03,0%,46,
766,vite_53378f50e606b4ed77c74435223b8e343945b8379954cf5129,vite_53378f5...379954cf5129,,0,0.03 / 0,0.03,0%,235,
767,vite_e87a57807ddb150aca17fda6f889c614355047c458f2fe348c,vite_e87a578...c458f2fe348c,,0,0.03 / 0,0.03,0%,575,
768,vite_62a9d43b85db20df1c2465661a80c34f612c7411a71e2d05b7,vite_62a9d43...11a71e2d05b7,,0,0.029 / 0,0.029,0%,"1,019",
769,vite_719410354831a28ccd96b8e6716c1fe7a1a8fa3a8e0b571cb9,vite_7194103...3a8e0b571cb9,,0,0.0286 / 0,0.0286,0%,455,
770,vite_6dd3065b5bdeb1709a9eec622a7fa5aac9b14de23c5d7af388,vite_6dd3065...e23c5d7af388,,0,0.0254 / 0,0.0254,0%,72,
771,vite_4e121c8cf32b0e5470087658e55e3a8e9dacb387f4f318f787,vite_4e121c8...87f4f318f787,,0,0.0241 / 0,0.0241,0%,422,
772,vite_16cba822bc981a6402915b645c55eab8b1ccbca20db80011f1,vite_16cba82...a20db80011f1,,0,0.023 / 0,0.023,0%,99,
773,vite_65ef1ccd1b899c22d83996d88327ec6d57b9f1d4026fb52d3c,vite_65ef1cc...d4026fb52d3c,,0,0.02 / 0,0.02,0%,542,
774,vite_6b3a17103b4597067e9795297e25460f0996ea16f9a54cc047,vite_6b3a171...16f9a54cc047,,0,0.02 / 0,0.02,0%,31,
775,vite_fdc1f44cb0c6c41f08992f62951d41364ec25cb4635ba38646,vite_fdc1f44...b4635ba38646,,0,0.0189 / 0,0.0189,0%,172,
776,vite_192277f8c3cf328c0aaaf48cd13ab4b364f3d48a11abeb7be3,vite_192277f...8a11abeb7be3,,0,0.0173 / 0,0.0173,0%,81,
777,vite_082553a101cb57f0314a8b5e8d1e73c490d6510349c4c4d24f,vite_082553a...0349c4c4d24f,,0,0.0166 / 0,0.0166,0%,20,
778,vite_5e245444f50640d33dc634c0a4e544ac0f8e54c3f20126207f,vite_5e24544...c3f20126207f,,0,0.0154 / 0,0.0154,0%,58,
779,vite_fce271e72938c38ff00431c8ccaf868e4eaf512a272cd0b9b6,vite_fce271e...2a272cd0b9b6,,0,0.0131 / 0,0.0131,0%,12,
780,vite_f03c602e4a6a6de803d61e44395ac0e1669954ad848c25f76b,vite_f03c602...ad848c25f76b,,0,0.012 / 0,0.012,0%,49,
781,vite_df027accbc67b3030119f97240204002a26dc964b8cef57266,vite_df027ac...64b8cef57266,,0,0.0116 / 0,0.0116,0%,612,
782,vite_6506526a0a0f2f7571feab52030bc3e7c061eb094d331aecc2,vite_6506526...094d331aecc2,,0,0.011 / 0,0.011,0%,600,
783,vite_966f819a078ce4dec90fd5bc046ced621443500e51f081746a,vite_966f819...0e51f081746a,,0,0.0105 / 0,0.0105,0%,19,
784,vite_719ead7d2b8b1b4a480d8ff09a52d26fc3b6a9c2abc2a5749c,vite_719ead7...c2abc2a5749c,,0,0.0101 / 0,0.0101,0%,7,
785,vite_8f27a29459fe9810bb82f28fdf8f7141dcd9f5ab0276c8f579,vite_8f27a29...ab0276c8f579,,0,0.01 / 0,0.01,0%,703,
786,vite_b9dc2865e85b2605b25b7432e4a7163c4c12f74e2d122a9e68,vite_b9dc286...4e2d122a9e68,,0,0.01 / 0,0.01,0%,817,
787,vite_7736ad09fae44083d44fe19d5e8437551f9dc7df6b7f49846a,vite_7736ad0...df6b7f49846a,,0,0.01 / 0,0.01,0%,28,
788,vite_636a7a033eeaf1380486984975cc1a1a766cec3640f12be466,vite_636a7a0...3640f12be466,,0,0.01 / 0,0.01,0%,9,
789,vite_8a546a65f7aea3b650a7581a8c142ab43df2991bbd759a6dfd,vite_8a546a6...1bbd759a6dfd,,0,0.0086 / 0,0.0086,0%,"2,327",
790,vite_33df8a4c0511f270f2fd751d5174305c1524873980028309ae,vite_33df8a4...3980028309ae,,0,0.0083 / 0,0.0083,0%,249,
791,vite_c5ecc17e4c8e1646f456cd22ab46ef95d0d2bd50686b708e4a,vite_c5ecc17...50686b708e4a,,0,0.008 / 0,0.008,0%,53,
792,vite_7db42a0465aa46b25b7728bf72882de2338bdb82f1357aae12,vite_7db42a0...82f1357aae12,,0,0.0069 / 0,0.0069,0%,26,
793,vite_98b2156251f4cf8361e9a51eae267785eeecac9950da364193,vite_98b2156...9950da364193,,0,0.0064 / 0,0.0064,0%,31,
794,vite_2b05d7b521efb870f0d5af6364e0f17c6678062402ae46d938,vite_2b05d7b...2402ae46d938,,0,0.006 / 0,0.006,0%,"2,682",
795,vite_24fb61f26bd06a9fdd9109bc39a5c1efc1108e78267ed5c13c,vite_24fb61f...78267ed5c13c,,0,0.006 / 0,0.006,0%,28,
796,vite_1b6f06ad79102440fd1c61bcf8c3cfcfe5ba22e4587a5a9118,vite_1b6f06a...e4587a5a9118,,0,0.0058 / 0,0.0058,0%,63,
797,vite_c97a50c3c0c0d261d11451122be227a63088f9bdb8190fbf50,vite_c97a50c...bdb8190fbf50,,0,0.0051 / 0,0.0051,0%,14,
798,vite_d8372818c51abd6609802bab6f03c92de334a3fb4a52c27a1f,vite_d837281...fb4a52c27a1f,,0,0.0049 / 0,0.0049,0%,16,
799,vite_5626dc4e8045a718ddff45d5dab4562d6147a76a051e1d01ae,vite_5626dc4...6a051e1d01ae,,0,0.0047 / 0,0.0047,0%,9,
800,vite_8a272dcbabb4f0b548ce189be8fc0a3eae2d419c6d66db1029,vite_8a272dc...9c6d66db1029,,0,0.0041 / 0,0.0041,0%,8,
801,vite_30b486cefc59203ad23a2c05f76a8618798388184fd866946b,vite_30b486c...184fd866946b,,0,0.003 / 0,0.003,0%,9,
802,vite_1a53a553e85da31688e4823be236c5fb7550cde8413b7cdc21,vite_1a53a55...e8413b7cdc21,,0.0025,0 / 0,0.0025,0%,3,
803,vite_b18851836cc47fc00dc6fcdf20ca539e5f0eba584a3f6c152c,vite_b188518...584a3f6c152c,,0.0018,0 / 0,0.0018,0%,18,
804,vite_9b371cda5dcedcf2b04bd3957f526f6bfcfe7e196e5eac8a6f,vite_9b371cd...196e5eac8a6f,,0,0.001 / 0,0.001,0%,751,
805,vite_7bb1c119f8f763c173f38acc36c2486d09a887a475711bebdd,vite_7bb1c11...a475711bebdd,,0.0002,0 / 0,0.0002,0%,21,
